meal_id,carb_source
1,oats
3,mixed non-starchy vegetables
4,milk
5,rice
7,mixed non-starchy vegetables
8,bread
10,blueberries
13,pasta
14,jam
18,rice
20,mixed non-starchy vegetables
21,pretzels
23,rice
24,pinapple
25,nuts
30,bread
32,kiwi
37,rice
38,dates
40,bread
41,puff pastry
42,biscotti
44,sauce
46,rice noodle
48,apple
49,honey
50,chicken
52,bagel
53,apple
54,lentil
56,berries
57,bread
58,banana
59,bread
60,yogurt
61,fried chicken
62,yogurt
63,rice
64,rye bread
65,lentil
66,dates
67,farro
68,protein bar
69,fried chicken
70,mixed non-starchy vegetables
71,dates
72,rice
73,kefir
74,samosa
76,chia seeds
77,mixed non-starchy vegetables
78,kefir
79,lentil
81,milk
82,bread
83,rice
84,puff pastry
85,bread
86,rice
87,pear
88,milk
89,crispbread
90,potato
91,yogurt
