Time of Glucose Reading [T=(local time) +/- (time zone offset)], Measurement(mg/dL)
2025-08-04T21:40-04:00,97
2025-08-04T21:35-04:00,97
2025-08-04T21:30-04:00,100
2025-08-04T21:25-04:00,103
2025-08-04T21:20-04:00,104
2025-08-04T21:15-04:00,106
2025-08-04T21:10-04:00,108
2025-08-04T21:05-04:00,109
2025-08-04T21:00-04:00,113
2025-08-04T20:55-04:00,117
2025-08-04T20:50-04:00,120
2025-08-04T20:45-04:00,121
2025-08-04T20:40-04:00,118
2025-08-04T20:35-04:00,114
2025-08-04T20:30-04:00,109
2025-08-04T20:25-04:00,101
2025-08-04T20:20-04:00,95
2025-08-04T20:15-04:00,92
2025-08-04T20:10-04:00,97
2025-08-04T20:05-04:00,101
2025-08-04T20:00-04:00,106
2025-08-04T19:55-04:00,113
2025-08-04T19:50-04:00,116
2025-08-04T19:45-04:00,117
2025-08-04T19:40-04:00,113
2025-08-04T19:35-04:00,109
2025-08-04T19:30-04:00,102
2025-08-04T19:25-04:00,95
2025-08-04T19:20-04:00,91
2025-08-04T19:15-04:00,87
2025-08-04T19:10-04:00,84
2025-08-04T19:05-04:00,83
2025-08-04T19:00-04:00,81
2025-08-04T18:55-04:00,79
2025-08-04T18:50-04:00,79
2025-08-04T18:45-04:00,77
2025-08-04T18:40-04:00,77
2025-08-04T18:35-04:00,77
2025-08-04T18:30-04:00,75
2025-08-04T18:25-04:00,73
2025-08-04T18:20-04:00,72
2025-08-04T18:15-04:00,71
2025-08-04T18:10-04:00,71
2025-08-04T18:05-04:00,70
2025-08-04T18:00-04:00,73
2025-08-04T17:55-04:00,78
2025-08-04T17:50-04:00,78
2025-08-04T17:45-04:00,81
2025-08-04T17:40-04:00,86
2025-08-04T17:35-04:00,82
2025-08-04T17:30-04:00,86
2025-08-04T17:25-04:00,90
2025-08-04T17:20-04:00,93
2025-08-04T17:15-04:00,98
2025-08-04T17:10-04:00,100
2025-08-04T17:05-04:00,102
2025-08-04T17:00-04:00,104
2025-08-04T16:55-04:00,104
2025-08-04T16:50-04:00,107
2025-08-04T16:45-04:00,109
2025-08-04T16:40-04:00,112
2025-08-04T16:35-04:00,114
2025-08-04T16:30-04:00,116
2025-08-04T16:25-04:00,120
2025-08-04T16:20-04:00,124
2025-08-04T16:15-04:00,127
2025-08-04T16:10-04:00,131
2025-08-04T16:05-04:00,132
2025-08-04T16:00-04:00,132
2025-08-04T15:55-04:00,128
2025-08-04T15:50-04:00,121
2025-08-04T15:45-04:00,114
2025-08-04T15:40-04:00,106
2025-08-04T15:35-04:00,98
2025-08-04T15:30-04:00,91
2025-08-04T15:25-04:00,86
2025-08-04T15:20-04:00,83
2025-08-04T15:15-04:00,80
2025-08-04T15:10-04:00,80
2025-08-04T15:05-04:00,79
2025-08-04T15:00-04:00,77
2025-08-04T14:55-04:00,77
2025-08-04T14:50-04:00,76
2025-08-04T14:45-04:00,76
2025-08-04T14:40-04:00,77
2025-08-04T14:35-04:00,78
2025-08-04T14:30-04:00,81
2025-08-04T14:25-04:00,85
2025-08-04T14:20-04:00,89
2025-08-04T14:15-04:00,94
2025-08-04T14:10-04:00,101
2025-08-04T14:05-04:00,105
2025-08-04T14:00-04:00,109
2025-08-04T13:55-04:00,111
2025-08-04T13:50-04:00,110
2025-08-04T13:45-04:00,109
2025-08-04T13:40-04:00,107
2025-08-04T13:35-04:00,103
2025-08-04T13:30-04:00,97
2025-08-04T13:25-04:00,94
2025-08-04T13:20-04:00,93
2025-08-04T13:15-04:00,91
2025-08-04T13:10-04:00,86
2025-08-04T13:05-04:00,87
2025-08-04T13:00-04:00,95
2025-08-04T12:55-04:00,99
2025-08-04T12:50-04:00,98
2025-08-04T12:45-04:00,101
2025-08-04T12:40-04:00,108
2025-08-04T12:35-04:00,105
2025-08-04T12:30-04:00,97
2025-08-04T12:25-04:00,98
2025-08-04T12:20-04:00,94
2025-08-04T12:15-04:00,85
2025-08-04T12:10-04:00,84
2025-08-04T12:05-04:00,84
2025-08-04T12:00-04:00,83
2025-08-04T11:55-04:00,82
2025-08-04T11:50-04:00,83
2025-08-04T11:45-04:00,83
2025-08-04T11:40-04:00,81
2025-08-04T11:35-04:00,81
2025-08-04T11:30-04:00,82
2025-08-04T11:25-04:00,82
2025-08-04T11:20-04:00,81
2025-08-04T11:15-04:00,81
2025-08-04T11:10-04:00,81
2025-08-04T11:05-04:00,81
2025-08-04T11:00-04:00,82
2025-08-04T10:55-04:00,82
2025-08-04T10:50-04:00,83
2025-08-04T10:45-04:00,85
2025-08-04T10:40-04:00,87
2025-08-04T10:35-04:00,89
2025-08-04T10:30-04:00,91
2025-08-04T10:25-04:00,94
2025-08-04T10:20-04:00,94
2025-08-04T10:15-04:00,92
2025-08-04T10:10-04:00,90
2025-08-04T10:05-04:00,88
2025-08-04T10:00-04:00,87
2025-08-04T09:55-04:00,83
2025-08-04T09:50-04:00,83
2025-08-04T09:45-04:00,86
2025-08-04T09:40-04:00,89
2025-08-04T09:35-04:00,87
2025-08-04T09:30-04:00,84
2025-08-04T09:25-04:00,84
2025-08-04T09:20-04:00,80
2025-08-04T09:15-04:00,79
2025-08-04T09:10-04:00,80
2025-08-04T09:05-04:00,79
2025-08-04T09:00-04:00,78
2025-08-04T08:55-04:00,79
2025-08-04T08:50-04:00,79
2025-08-04T08:45-04:00,79
2025-08-04T08:40-04:00,75
2025-08-04T08:35-04:00,75
2025-08-04T08:30-04:00,76
2025-08-04T08:25-04:00,73
2025-08-04T08:20-04:00,72
2025-08-04T08:15-04:00,71
2025-08-04T08:10-04:00,69
2025-08-04T08:05-04:00,70
2025-08-04T08:00-04:00,73
2025-08-04T07:55-04:00,76
2025-08-04T07:50-04:00,78
2025-08-04T07:45-04:00,82
2025-08-04T07:40-04:00,82
2025-08-04T07:35-04:00,80
2025-08-04T07:30-04:00,80
2025-08-04T07:25-04:00,78
2025-08-04T07:20-04:00,75
2025-08-04T07:15-04:00,73
2025-08-04T07:10-04:00,68
2025-08-04T07:05-04:00,65
2025-08-04T07:00-04:00,65
2025-08-04T06:55-04:00,63
2025-08-04T06:50-04:00,62
2025-08-04T06:45-04:00,65
2025-08-04T06:40-04:00,66
2025-08-04T06:35-04:00,65
2025-08-04T06:30-04:00,67
2025-08-04T06:25-04:00,69
2025-08-04T06:20-04:00,69
2025-08-04T06:15-04:00,71
2025-08-04T06:10-04:00,69
2025-08-04T06:05-04:00,70
2025-08-04T06:00-04:00,69
2025-08-04T05:55-04:00,68
2025-08-04T05:50-04:00,69
2025-08-04T05:45-04:00,69
2025-08-04T05:40-04:00,69
2025-08-04T05:35-04:00,69
2025-08-04T05:30-04:00,68
2025-08-04T05:25-04:00,68
2025-08-04T05:20-04:00,66
2025-08-04T05:15-04:00,66
2025-08-04T05:10-04:00,66
2025-08-04T05:05-04:00,66
2025-08-04T05:00-04:00,67
2025-08-04T04:55-04:00,67
2025-08-04T04:50-04:00,67
2025-08-04T04:45-04:00,67
2025-08-04T04:40-04:00,67
2025-08-04T04:35-04:00,68
2025-08-04T04:30-04:00,68
2025-08-04T04:25-04:00,68
2025-08-04T04:20-04:00,68
2025-08-04T04:15-04:00,69
2025-08-04T04:10-04:00,66
2025-08-04T04:05-04:00,63
2025-08-04T04:00-04:00,63
2025-08-04T03:55-04:00,63
2025-08-04T03:50-04:00,62
2025-08-04T03:45-04:00,63
2025-08-04T03:40-04:00,63
2025-08-04T03:35-04:00,63
2025-08-04T03:30-04:00,63
2025-08-04T03:25-04:00,63
2025-08-04T03:20-04:00,64
2025-08-04T03:15-04:00,65
2025-08-04T03:10-04:00,66
2025-08-04T03:05-04:00,67
2025-08-04T03:00-04:00,68
2025-08-04T02:55-04:00,69
2025-08-04T02:50-04:00,69
2025-08-04T02:45-04:00,69
2025-08-04T02:40-04:00,71
2025-08-04T02:35-04:00,70
2025-08-04T02:30-04:00,71
2025-08-04T02:25-04:00,72
2025-08-04T02:20-04:00,72
2025-08-04T02:15-04:00,72
2025-08-04T02:10-04:00,72
2025-08-04T02:05-04:00,72
2025-08-04T02:00-04:00,72
2025-08-04T01:55-04:00,71
2025-08-04T01:50-04:00,72
2025-08-04T01:45-04:00,72
2025-08-04T01:40-04:00,72
2025-08-04T01:35-04:00,73
2025-08-04T01:30-04:00,73
2025-08-04T01:25-04:00,74
2025-08-04T01:20-04:00,72
2025-08-04T01:15-04:00,71
2025-08-04T01:10-04:00,71
2025-08-04T01:05-04:00,70
2025-08-04T01:00-04:00,70
2025-08-04T00:55-04:00,70
2025-08-04T00:50-04:00,71
2025-08-04T00:45-04:00,72
2025-08-04T00:40-04:00,72
2025-08-04T00:35-04:00,73
2025-08-04T00:30-04:00,75
2025-08-04T00:25-04:00,73
2025-08-04T00:20-04:00,73
2025-08-04T00:15-04:00,74
2025-08-04T00:10-04:00,73
2025-08-04T00:05-04:00,74
2025-08-04T00:00-04:00,74
2025-08-03T23:55-04:00,74
2025-08-03T23:50-04:00,75
2025-08-03T23:45-04:00,75
2025-08-03T23:40-04:00,76
2025-08-03T23:35-04:00,77
2025-08-03T23:30-04:00,76
2025-08-03T23:25-04:00,77
2025-08-03T23:20-04:00,77
2025-08-03T23:15-04:00,78
2025-08-03T23:10-04:00,79
2025-08-03T23:05-04:00,79
2025-08-03T23:00-04:00,79
2025-08-03T22:55-04:00,78
2025-08-03T22:50-04:00,83
2025-08-03T22:45-04:00,85
2025-08-03T22:40-04:00,78
2025-08-03T22:35-04:00,79
2025-08-03T22:30-04:00,77
2025-08-03T22:25-04:00,74
2025-08-03T22:20-04:00,79
2025-08-03T22:15-04:00,81
2025-08-03T22:10-04:00,89
2025-08-03T22:05-04:00,96
2025-08-03T22:00-04:00,100
2025-08-03T21:55-04:00,102
2025-08-03T21:50-04:00,104
2025-08-03T21:45-04:00,102
2025-08-03T21:40-04:00,98
2025-08-03T21:35-04:00,99
2025-08-03T21:30-04:00,98
2025-08-03T21:25-04:00,96
2025-08-03T21:20-04:00,97
2025-08-03T21:15-04:00,99
2025-08-03T21:10-04:00,101
2025-08-03T21:05-04:00,102
2025-08-03T21:00-04:00,102
2025-08-03T20:55-04:00,102
2025-08-03T20:50-04:00,99
2025-08-03T20:45-04:00,94
2025-08-03T20:40-04:00,88
2025-08-03T20:35-04:00,81
2025-08-03T20:30-04:00,76
2025-08-03T20:25-04:00,70
2025-08-03T20:20-04:00,70
2025-08-03T20:15-04:00,73
2025-08-03T20:10-04:00,77
2025-08-03T20:05-04:00,85
2025-08-03T20:00-04:00,91
2025-08-03T19:55-04:00,92
2025-08-03T19:50-04:00,94
2025-08-03T19:45-04:00,95
2025-08-03T19:40-04:00,99
2025-08-03T19:35-04:00,101
2025-08-03T19:30-04:00,104
2025-08-03T19:25-04:00,111
2025-08-03T19:20-04:00,115
2025-08-03T19:15-04:00,122
2025-08-03T19:10-04:00,126
2025-08-03T19:05-04:00,132
2025-08-03T19:00-04:00,137
2025-08-03T18:55-04:00,143
2025-08-03T18:50-04:00,146
2025-08-03T18:45-04:00,147
2025-08-03T18:40-04:00,148
2025-08-03T18:35-04:00,149
2025-08-03T18:30-04:00,146
2025-08-03T18:25-04:00,142
2025-08-03T18:20-04:00,138
2025-08-03T18:15-04:00,133
2025-08-03T18:10-04:00,123
2025-08-03T18:05-04:00,115
2025-08-03T18:00-04:00,109
2025-08-03T17:55-04:00,99
2025-08-03T17:50-04:00,94
2025-08-03T17:45-04:00,90
2025-08-03T17:40-04:00,85
2025-08-03T17:35-04:00,84
2025-08-03T17:30-04:00,82
2025-08-03T17:25-04:00,78
2025-08-03T17:20-04:00,78
2025-08-03T17:15-04:00,77
2025-08-03T17:10-04:00,75
2025-08-03T17:05-04:00,74
2025-08-03T17:00-04:00,72
2025-08-03T16:55-04:00,72
2025-08-03T16:50-04:00,70
2025-08-03T16:45-04:00,66
2025-08-03T16:40-04:00,66
2025-08-03T16:35-04:00,66
2025-08-03T16:30-04:00,66
2025-08-03T16:25-04:00,70
2025-08-03T16:20-04:00,70
2025-08-03T16:15-04:00,70
2025-08-03T16:10-04:00,70
2025-08-03T16:05-04:00,71
2025-08-03T16:00-04:00,73
2025-08-03T15:55-04:00,78
2025-08-03T15:50-04:00,82
2025-08-03T15:45-04:00,85
2025-08-03T15:40-04:00,89
2025-08-03T15:35-04:00,94
2025-08-03T15:30-04:00,99
2025-08-03T15:25-04:00,104
2025-08-03T15:20-04:00,109
2025-08-03T15:15-04:00,113
2025-08-03T15:10-04:00,116
2025-08-03T15:05-04:00,118
2025-08-03T15:00-04:00,118
2025-08-03T14:55-04:00,116
2025-08-03T14:50-04:00,115
2025-08-03T14:45-04:00,115
2025-08-03T14:40-04:00,113
2025-08-03T14:35-04:00,113
2025-08-03T14:30-04:00,113
2025-08-03T14:25-04:00,113
2025-08-03T14:20-04:00,110
2025-08-03T14:15-04:00,109
2025-08-03T14:10-04:00,108
2025-08-03T14:05-04:00,104
2025-08-03T14:00-04:00,102
2025-08-03T13:55-04:00,102
2025-08-03T13:50-04:00,101
2025-08-03T13:45-04:00,101
2025-08-03T13:40-04:00,103
2025-08-03T13:35-04:00,103
2025-08-03T13:30-04:00,101
2025-08-03T13:25-04:00,99
2025-08-03T13:20-04:00,97
2025-08-03T13:15-04:00,94
2025-08-03T13:10-04:00,89
2025-08-03T13:05-04:00,86
2025-08-03T13:00-04:00,85
2025-08-03T12:55-04:00,85
2025-08-03T12:50-04:00,83
2025-08-03T12:45-04:00,84
2025-08-03T12:40-04:00,85
2025-08-03T12:35-04:00,86
2025-08-03T12:30-04:00,88
2025-08-03T12:25-04:00,91
2025-08-03T12:20-04:00,93
2025-08-03T12:15-04:00,93
2025-08-03T12:10-04:00,94
2025-08-03T12:05-04:00,95
2025-08-03T12:00-04:00,92
2025-08-03T11:55-04:00,88
2025-08-03T11:50-04:00,87
2025-08-03T11:45-04:00,85
2025-08-03T11:40-04:00,85
2025-08-03T11:35-04:00,86
2025-08-03T11:30-04:00,88
2025-08-03T11:25-04:00,90
2025-08-03T11:20-04:00,91
2025-08-03T11:15-04:00,93
2025-08-03T11:10-04:00,93
2025-08-03T11:05-04:00,95
2025-08-03T11:00-04:00,97
2025-08-03T10:55-04:00,97
2025-08-03T10:50-04:00,98
2025-08-03T10:45-04:00,95
2025-08-03T10:40-04:00,91
2025-08-03T10:35-04:00,86
2025-08-03T10:30-04:00,82
2025-08-03T10:25-04:00,79
2025-08-03T10:20-04:00,76
2025-08-03T10:15-04:00,76
2025-08-03T10:10-04:00,80
2025-08-03T10:05-04:00,80
2025-08-03T10:00-04:00,78
2025-08-03T09:55-04:00,79
2025-08-03T09:50-04:00,76
2025-08-03T09:45-04:00,75
2025-08-03T09:40-04:00,78
2025-08-03T09:35-04:00,79
2025-08-03T09:30-04:00,77
2025-08-03T09:25-04:00,77
2025-08-03T09:20-04:00,78
2025-08-03T09:15-04:00,78
2025-08-03T09:10-04:00,76
2025-08-03T09:05-04:00,72
2025-08-03T09:00-04:00,70
2025-08-03T08:55-04:00,71
2025-08-03T08:50-04:00,70
2025-08-03T08:45-04:00,73
2025-08-03T08:40-04:00,74
2025-08-03T08:35-04:00,75
2025-08-03T08:30-04:00,76
2025-08-03T08:25-04:00,76
2025-08-03T08:20-04:00,77
2025-08-03T08:15-04:00,80
2025-08-03T08:10-04:00,80
2025-08-03T08:05-04:00,79
2025-08-03T08:00-04:00,81
2025-08-03T07:55-04:00,83
2025-08-03T07:50-04:00,84
2025-08-03T07:45-04:00,82
2025-08-03T07:40-04:00,82
2025-08-03T07:35-04:00,82
2025-08-03T07:30-04:00,78
2025-08-03T07:25-04:00,75
2025-08-03T07:20-04:00,75
2025-08-03T07:15-04:00,71
2025-08-03T07:10-04:00,67
2025-08-03T07:05-04:00,68
2025-08-03T07:00-04:00,67
2025-08-03T06:55-04:00,66
2025-08-03T06:50-04:00,67
2025-08-03T06:45-04:00,69
2025-08-03T06:40-04:00,69
2025-08-03T06:35-04:00,69
2025-08-03T06:30-04:00,70
2025-08-03T06:25-04:00,69
2025-08-03T06:20-04:00,69
2025-08-03T06:15-04:00,69
2025-08-03T06:10-04:00,69
2025-08-03T06:05-04:00,69
2025-08-03T06:00-04:00,69
2025-08-03T05:55-04:00,69
2025-08-03T05:50-04:00,68
2025-08-03T05:45-04:00,69
2025-08-03T05:40-04:00,69
2025-08-03T05:35-04:00,68
2025-08-03T05:30-04:00,68
2025-08-03T05:25-04:00,68
2025-08-03T05:20-04:00,69
2025-08-03T05:15-04:00,68
2025-08-03T05:10-04:00,70
2025-08-03T05:05-04:00,72
2025-08-03T05:00-04:00,72
2025-08-03T04:55-04:00,71
2025-08-03T04:50-04:00,72
2025-08-03T04:45-04:00,74
2025-08-03T04:40-04:00,71
2025-08-03T04:35-04:00,71
2025-08-03T04:30-04:00,71
2025-08-03T04:25-04:00,71
2025-08-03T04:20-04:00,71
2025-08-03T04:15-04:00,70
2025-08-03T04:10-04:00,70
2025-08-03T04:05-04:00,70
2025-08-03T04:00-04:00,70
2025-08-03T03:55-04:00,69
2025-08-03T03:50-04:00,69
2025-08-03T03:45-04:00,69
2025-08-03T03:40-04:00,68
2025-08-03T03:35-04:00,69
2025-08-03T03:30-04:00,69
2025-08-03T03:25-04:00,70
2025-08-03T03:20-04:00,71
2025-08-03T03:15-04:00,70
2025-08-03T03:10-04:00,71
2025-08-03T03:05-04:00,71
2025-08-03T03:00-04:00,70
2025-08-03T02:55-04:00,70
2025-08-03T02:50-04:00,70
2025-08-03T02:45-04:00,71
2025-08-03T02:40-04:00,71
2025-08-03T02:35-04:00,70
2025-08-03T02:30-04:00,70
2025-08-03T02:25-04:00,71
2025-08-03T02:20-04:00,71
2025-08-03T02:15-04:00,71
2025-08-03T02:10-04:00,71
2025-08-03T02:05-04:00,73
2025-08-03T02:00-04:00,74
2025-08-03T01:55-04:00,74
2025-08-03T01:50-04:00,74
2025-08-03T01:45-04:00,74
2025-08-03T01:40-04:00,73
2025-08-03T01:35-04:00,73
2025-08-03T01:30-04:00,74
2025-08-03T01:25-04:00,74
2025-08-03T01:20-04:00,74
2025-08-03T01:15-04:00,74
2025-08-03T01:10-04:00,75
2025-08-03T01:05-04:00,75
2025-08-03T01:00-04:00,74
2025-08-03T00:55-04:00,75
2025-08-03T00:50-04:00,77
2025-08-03T00:45-04:00,74
2025-08-03T00:40-04:00,74
2025-08-03T00:35-04:00,75
2025-08-03T00:30-04:00,74
2025-08-03T00:25-04:00,74
2025-08-03T00:20-04:00,75
2025-08-03T00:15-04:00,76
2025-08-03T00:10-04:00,77
2025-08-03T00:05-04:00,79
2025-08-03T00:00-04:00,80
2025-08-02T23:55-04:00,79
2025-08-02T23:50-04:00,80
2025-08-02T23:45-04:00,81
2025-08-02T23:40-04:00,81
2025-08-02T23:35-04:00,78
2025-08-02T23:30-04:00,80
2025-08-02T23:25-04:00,86
2025-08-02T23:20-04:00,82
2025-08-02T23:15-04:00,82
2025-08-02T23:10-04:00,82
2025-08-02T23:05-04:00,79
2025-08-02T23:00-04:00,78
2025-08-02T22:55-04:00,82
2025-08-02T22:50-04:00,83
2025-08-02T22:45-04:00,79
2025-08-02T22:40-04:00,81
2025-08-02T22:35-04:00,81
2025-08-02T22:30-04:00,80
2025-08-02T22:25-04:00,81
2025-08-02T22:20-04:00,80
2025-08-02T22:15-04:00,83
2025-08-02T22:10-04:00,79
2025-08-02T22:05-04:00,77
2025-08-02T22:00-04:00,78
2025-08-02T21:55-04:00,77
2025-08-02T21:50-04:00,75
2025-08-02T21:45-04:00,76
2025-08-02T21:40-04:00,74
2025-08-02T21:35-04:00,75
2025-08-02T21:30-04:00,76
2025-08-02T21:25-04:00,77
2025-08-02T21:20-04:00,82
2025-08-02T21:15-04:00,86
2025-08-02T21:10-04:00,85
2025-08-02T21:05-04:00,86
2025-08-02T21:00-04:00,85
2025-08-02T20:55-04:00,78
2025-08-02T20:50-04:00,78
2025-08-02T20:45-04:00,79
2025-08-02T20:40-04:00,79
2025-08-02T20:35-04:00,81
2025-08-02T20:30-04:00,85
2025-08-02T20:25-04:00,88
2025-08-02T20:20-04:00,90
2025-08-02T20:15-04:00,95
2025-08-02T20:10-04:00,98
2025-08-02T20:05-04:00,101
2025-08-02T20:00-04:00,103
2025-08-02T19:55-04:00,104
2025-08-02T19:50-04:00,105
2025-08-02T19:45-04:00,108
2025-08-02T19:40-04:00,108
2025-08-02T19:35-04:00,107
2025-08-02T19:30-04:00,105
2025-08-02T19:25-04:00,104
2025-08-02T19:20-04:00,102
2025-08-02T19:15-04:00,99
2025-08-02T19:10-04:00,96
2025-08-02T19:05-04:00,96
2025-08-02T19:00-04:00,96
2025-08-02T18:55-04:00,93
2025-08-02T18:50-04:00,94
2025-08-02T18:45-04:00,94
2025-08-02T18:40-04:00,91
2025-08-02T18:35-04:00,94
2025-08-02T18:30-04:00,97
2025-08-02T18:25-04:00,102
2025-08-02T18:20-04:00,105
2025-08-02T18:15-04:00,111
2025-08-02T18:10-04:00,117
2025-08-02T18:05-04:00,121
2025-08-02T18:00-04:00,125
2025-08-02T17:55-04:00,125
2025-08-02T17:50-04:00,122
2025-08-02T17:45-04:00,119
2025-08-02T17:40-04:00,112
2025-08-02T17:35-04:00,104
2025-08-02T17:30-04:00,96
2025-08-02T17:25-04:00,90
2025-08-02T17:20-04:00,87
2025-08-02T17:15-04:00,81
2025-08-02T17:10-04:00,78
2025-08-02T17:05-04:00,79
2025-08-02T17:00-04:00,77
2025-08-02T16:55-04:00,77
2025-08-02T16:50-04:00,78
2025-08-02T16:45-04:00,82
2025-08-02T16:40-04:00,84
2025-08-02T16:35-04:00,86
2025-08-02T16:30-04:00,89
2025-08-02T16:25-04:00,91
2025-08-02T16:20-04:00,91
2025-08-02T16:15-04:00,92
2025-08-02T16:10-04:00,91
2025-08-02T16:05-04:00,89
2025-08-02T16:00-04:00,87
2025-08-02T15:55-04:00,86
2025-08-02T15:50-04:00,84
2025-08-02T15:45-04:00,83
2025-08-02T15:40-04:00,83
2025-08-02T15:35-04:00,83
2025-08-02T15:30-04:00,82
2025-08-02T15:25-04:00,83
2025-08-02T15:20-04:00,84
2025-08-02T15:15-04:00,80
2025-08-02T15:10-04:00,82
2025-08-02T15:05-04:00,83
2025-08-02T15:00-04:00,82
2025-08-02T14:55-04:00,86
2025-08-02T14:50-04:00,90
2025-08-02T14:45-04:00,95
2025-08-02T14:40-04:00,99
2025-08-02T14:35-04:00,101
2025-08-02T14:30-04:00,103
2025-08-02T14:25-04:00,105
2025-08-02T14:20-04:00,108
2025-08-02T14:15-04:00,111
2025-08-02T14:10-04:00,111
2025-08-02T14:05-04:00,112
2025-08-02T14:00-04:00,112
2025-08-02T13:55-04:00,110
2025-08-02T13:50-04:00,107
2025-08-02T13:45-04:00,104
2025-08-02T13:40-04:00,105
2025-08-02T13:35-04:00,105
2025-08-02T13:30-04:00,107
2025-08-02T13:25-04:00,109
2025-08-02T13:20-04:00,112
2025-08-02T13:15-04:00,114
2025-08-02T13:10-04:00,113
2025-08-02T13:05-04:00,111
2025-08-02T13:00-04:00,110
2025-08-02T12:55-04:00,110
2025-08-02T12:50-04:00,108
2025-08-02T12:45-04:00,104
2025-08-02T12:40-04:00,104
2025-08-02T12:35-04:00,104
2025-08-02T12:30-04:00,101
2025-08-02T12:25-04:00,98
2025-08-02T12:20-04:00,93
2025-08-02T12:15-04:00,90
2025-08-02T12:10-04:00,89
2025-08-02T12:05-04:00,87
2025-08-02T12:00-04:00,85
2025-08-02T11:55-04:00,84
2025-08-02T11:50-04:00,85
2025-08-02T11:45-04:00,83
2025-08-02T11:40-04:00,83
2025-08-02T11:35-04:00,83
2025-08-02T11:30-04:00,83
2025-08-02T11:25-04:00,84
2025-08-02T11:20-04:00,84
2025-08-02T11:15-04:00,84
2025-08-02T11:10-04:00,84
2025-08-02T11:05-04:00,82
2025-08-02T11:00-04:00,79
2025-08-02T10:55-04:00,77
2025-08-02T10:50-04:00,74
2025-08-02T10:45-04:00,71
2025-08-02T10:40-04:00,70
2025-08-02T10:35-04:00,73
2025-08-02T10:30-04:00,78
2025-08-02T10:25-04:00,80
2025-08-02T10:20-04:00,80
2025-08-02T10:15-04:00,81
2025-08-02T10:10-04:00,81
2025-08-02T10:05-04:00,80
2025-08-02T10:00-04:00,79
2025-08-02T09:55-04:00,81
2025-08-02T09:50-04:00,82
2025-08-02T09:45-04:00,80
2025-08-02T09:40-04:00,79
2025-08-02T09:35-04:00,80
2025-08-02T09:30-04:00,80
2025-08-02T09:25-04:00,80
2025-08-02T09:20-04:00,80
2025-08-02T09:15-04:00,84
2025-08-02T09:10-04:00,87
2025-08-02T09:05-04:00,86
2025-08-02T09:00-04:00,91
2025-08-02T08:55-04:00,90
2025-08-02T08:50-04:00,82
2025-08-02T08:45-04:00,83
2025-08-02T08:40-04:00,87
2025-08-02T08:35-04:00,85
2025-08-02T08:30-04:00,86
2025-08-02T08:25-04:00,90
2025-08-02T08:20-04:00,88
2025-08-02T08:15-04:00,89
2025-08-02T08:10-04:00,88
2025-08-02T08:05-04:00,87
2025-08-02T08:00-04:00,87
2025-08-02T07:55-04:00,84
2025-08-02T07:50-04:00,84
2025-08-02T07:45-04:00,86
2025-08-02T07:40-04:00,83
2025-08-02T07:35-04:00,80
2025-08-02T07:30-04:00,82
2025-08-02T07:25-04:00,80
2025-08-02T07:20-04:00,76
2025-08-02T07:15-04:00,75
2025-08-02T07:10-04:00,74
2025-08-02T07:05-04:00,72
2025-08-02T07:00-04:00,71
2025-08-02T06:55-04:00,71
2025-08-02T06:50-04:00,72
2025-08-02T06:45-04:00,72
2025-08-02T06:40-04:00,72
2025-08-02T06:35-04:00,72
2025-08-02T06:30-04:00,73
2025-08-02T06:25-04:00,74
2025-08-02T06:20-04:00,73
2025-08-02T06:15-04:00,71
2025-08-02T06:10-04:00,73
2025-08-02T06:05-04:00,75
2025-08-02T06:00-04:00,74
2025-08-02T05:55-04:00,76
2025-08-02T05:50-04:00,78
2025-08-02T05:45-04:00,76
2025-08-02T05:40-04:00,77
2025-08-02T05:35-04:00,78
2025-08-02T05:30-04:00,77
2025-08-02T05:25-04:00,76
2025-08-02T05:20-04:00,77
2025-08-02T05:15-04:00,77
2025-08-02T05:10-04:00,77
2025-08-02T05:05-04:00,77
2025-08-02T05:00-04:00,77
2025-08-02T04:55-04:00,77
2025-08-02T04:50-04:00,76
2025-08-02T04:45-04:00,75
2025-08-02T04:40-04:00,75
2025-08-02T04:35-04:00,74
2025-08-02T04:30-04:00,75
2025-08-02T04:25-04:00,76
2025-08-02T04:20-04:00,75
2025-08-02T04:15-04:00,75
2025-08-02T04:10-04:00,76
2025-08-02T04:05-04:00,74
2025-08-02T04:00-04:00,73
2025-08-02T03:55-04:00,73
2025-08-02T03:50-04:00,73
2025-08-02T03:45-04:00,74
2025-08-02T03:40-04:00,75
2025-08-02T03:35-04:00,75
2025-08-02T03:30-04:00,76
2025-08-02T03:25-04:00,78
2025-08-02T03:20-04:00,80
2025-08-02T03:15-04:00,80
2025-08-02T03:10-04:00,80
2025-08-02T03:05-04:00,78
2025-08-02T03:00-04:00,77
2025-08-02T02:55-04:00,77
2025-08-02T02:50-04:00,76
2025-08-02T02:45-04:00,76
2025-08-02T02:40-04:00,76
2025-08-02T02:35-04:00,76
2025-08-02T02:30-04:00,76
2025-08-02T02:25-04:00,76
2025-08-02T02:20-04:00,76
2025-08-02T02:15-04:00,76
2025-08-02T02:10-04:00,76
2025-08-02T02:05-04:00,76
2025-08-02T02:00-04:00,77
2025-08-02T01:55-04:00,77
2025-08-02T01:50-04:00,76
2025-08-02T01:45-04:00,77
2025-08-02T01:40-04:00,77
2025-08-02T01:35-04:00,75
2025-08-02T01:30-04:00,75
2025-08-02T01:25-04:00,77
2025-08-02T01:20-04:00,76
2025-08-02T01:15-04:00,78
2025-08-02T01:10-04:00,79
2025-08-02T01:05-04:00,82
2025-08-02T01:00-04:00,85
2025-08-02T00:55-04:00,83
2025-08-02T00:50-04:00,84
2025-08-02T00:45-04:00,85
2025-08-02T00:40-04:00,85
2025-08-02T00:35-04:00,87
2025-08-02T00:30-04:00,89
2025-08-02T00:25-04:00,90
2025-08-02T00:20-04:00,90
2025-08-02T00:15-04:00,91
2025-08-02T00:10-04:00,91
2025-08-02T00:05-04:00,90
2025-08-02T00:00-04:00,90
2025-08-01T23:55-04:00,89
2025-08-01T23:50-04:00,90
2025-08-01T23:45-04:00,92
2025-08-01T23:40-04:00,91
2025-08-01T23:35-04:00,91
2025-08-01T23:30-04:00,93
2025-08-01T23:25-04:00,93
2025-08-01T23:20-04:00,95
2025-08-01T23:15-04:00,92
2025-08-01T23:10-04:00,92
2025-08-01T23:05-04:00,95
2025-08-01T23:00-04:00,94
2025-08-01T22:55-04:00,91
2025-08-01T22:50-04:00,91
2025-08-01T22:45-04:00,94
2025-08-01T22:40-04:00,92
2025-08-01T22:35-04:00,91
2025-08-01T22:30-04:00,91
2025-08-01T22:25-04:00,95
2025-08-01T22:20-04:00,102
2025-08-01T22:15-04:00,94
2025-08-01T22:10-04:00,96
2025-08-01T22:05-04:00,96
2025-08-01T22:00-04:00,82
2025-08-01T21:55-04:00,83
2025-08-01T21:50-04:00,81
2025-08-01T21:45-04:00,76
2025-08-01T21:40-04:00,78
2025-08-01T21:35-04:00,85
2025-08-01T21:30-04:00,93
2025-08-01T21:25-04:00,99
2025-08-01T21:20-04:00,104
2025-08-01T21:15-04:00,108
2025-08-01T21:10-04:00,108
2025-08-01T21:05-04:00,104
2025-08-01T21:00-04:00,103
2025-08-01T20:55-04:00,104
2025-08-01T20:50-04:00,103
2025-08-01T20:45-04:00,106
2025-08-01T20:40-04:00,115
2025-08-01T20:35-04:00,120
2025-08-01T20:30-04:00,124
2025-08-01T20:25-04:00,131
2025-08-01T20:20-04:00,136
2025-08-01T20:15-04:00,135
2025-08-01T20:10-04:00,136
2025-08-01T20:05-04:00,137
2025-08-01T20:00-04:00,137
2025-08-01T19:55-04:00,135
2025-08-01T19:50-04:00,128
2025-08-01T19:45-04:00,118
2025-08-01T19:40-04:00,109
2025-08-01T19:35-04:00,102
2025-08-01T19:30-04:00,96
2025-08-01T19:25-04:00,90
2025-08-01T19:20-04:00,89
2025-08-01T19:15-04:00,89
2025-08-01T19:10-04:00,89
2025-08-01T19:05-04:00,94
2025-08-01T19:00-04:00,99
2025-08-01T18:55-04:00,98
2025-08-01T18:50-04:00,99
2025-08-01T18:45-04:00,98
2025-08-01T18:40-04:00,95
2025-08-01T18:35-04:00,89
2025-08-01T18:30-04:00,85
2025-08-01T18:25-04:00,83
2025-08-01T18:20-04:00,79
2025-08-01T18:15-04:00,77
2025-08-01T18:10-04:00,77
2025-08-01T18:05-04:00,77
2025-08-01T18:00-04:00,75
2025-08-01T17:55-04:00,78
2025-08-01T17:50-04:00,79
2025-08-01T17:45-04:00,80
2025-08-01T17:40-04:00,81
2025-08-01T17:35-04:00,83
2025-08-01T17:30-04:00,84
2025-08-01T17:25-04:00,86
2025-08-01T17:20-04:00,86
2025-08-01T17:15-04:00,86
2025-08-01T17:10-04:00,84
2025-08-01T17:05-04:00,84
2025-08-01T17:00-04:00,84
2025-08-01T16:55-04:00,83
2025-08-01T16:50-04:00,83
2025-08-01T16:45-04:00,83
2025-08-01T16:40-04:00,83
2025-08-01T16:35-04:00,83
2025-08-01T16:30-04:00,83
2025-08-01T16:25-04:00,84
2025-08-01T16:20-04:00,86
2025-08-01T16:15-04:00,86
2025-08-01T16:10-04:00,88
2025-08-01T16:05-04:00,90
2025-08-01T16:00-04:00,92
2025-08-01T15:55-04:00,93
2025-08-01T15:50-04:00,93
2025-08-01T15:45-04:00,94
2025-08-01T15:40-04:00,94
2025-08-01T15:35-04:00,94
2025-08-01T15:30-04:00,95
2025-08-01T15:25-04:00,97
2025-08-01T15:20-04:00,100
2025-08-01T15:15-04:00,101
2025-08-01T15:10-04:00,103
2025-08-01T15:05-04:00,102
2025-08-01T15:00-04:00,99
2025-08-01T14:55-04:00,96
2025-08-01T14:50-04:00,92
2025-08-01T14:45-04:00,91
2025-08-01T14:40-04:00,87
2025-08-01T14:35-04:00,84
2025-08-01T14:30-04:00,85
2025-08-01T14:25-04:00,84
2025-08-01T14:20-04:00,81
2025-08-01T14:15-04:00,79
2025-08-01T14:10-04:00,77
2025-08-01T14:05-04:00,76
2025-08-01T14:00-04:00,73
2025-08-01T13:55-04:00,72
2025-08-01T13:50-04:00,72
2025-08-01T13:45-04:00,70
2025-08-01T13:40-04:00,70
2025-08-01T13:35-04:00,71
2025-08-01T13:30-04:00,74
2025-08-01T13:25-04:00,76
2025-08-01T13:20-04:00,79
2025-08-01T13:15-04:00,83
2025-08-01T13:10-04:00,88
2025-08-01T13:05-04:00,92
2025-08-01T13:00-04:00,95
2025-08-01T12:55-04:00,101
2025-08-01T12:50-04:00,102
2025-08-01T12:45-04:00,104
2025-08-01T12:40-04:00,105
2025-08-01T12:35-04:00,103
2025-08-01T12:30-04:00,98
2025-08-01T12:25-04:00,92
2025-08-01T12:20-04:00,89
2025-08-01T12:15-04:00,84
2025-08-01T12:10-04:00,82
2025-08-01T12:05-04:00,80
2025-08-01T12:00-04:00,77
2025-08-01T11:55-04:00,77
2025-08-01T11:50-04:00,77
2025-08-01T11:45-04:00,76
2025-08-01T11:40-04:00,76
2025-08-01T11:35-04:00,77
2025-08-01T11:30-04:00,78
2025-08-01T11:25-04:00,78
2025-08-01T11:20-04:00,78
2025-08-01T11:15-04:00,79
2025-08-01T11:10-04:00,79
2025-08-01T11:05-04:00,80
2025-08-01T11:00-04:00,81
2025-08-01T10:55-04:00,80
2025-08-01T10:50-04:00,80
2025-08-01T10:45-04:00,81
2025-08-01T10:40-04:00,81
2025-08-01T10:35-04:00,82
2025-08-01T10:30-04:00,84
2025-08-01T10:25-04:00,85
2025-08-01T10:20-04:00,84
2025-08-01T10:15-04:00,84
2025-08-01T10:10-04:00,82
2025-08-01T10:05-04:00,80
2025-08-01T10:00-04:00,79
2025-08-01T09:55-04:00,79
2025-08-01T09:50-04:00,81
2025-08-01T09:45-04:00,84
2025-08-01T09:40-04:00,85
2025-08-01T09:35-04:00,86
2025-08-01T09:30-04:00,83
2025-08-01T09:25-04:00,82
2025-08-01T09:20-04:00,80
2025-08-01T09:15-04:00,78
2025-08-01T09:10-04:00,79
2025-08-01T09:05-04:00,76
2025-08-01T09:00-04:00,76
2025-08-01T08:55-04:00,80
2025-08-01T08:50-04:00,80
2025-08-01T08:45-04:00,79
2025-08-01T08:40-04:00,79
2025-08-01T08:35-04:00,80
2025-08-01T08:30-04:00,79
2025-08-01T08:25-04:00,77
2025-08-01T08:20-04:00,75
2025-08-01T08:15-04:00,75
2025-08-01T08:10-04:00,77
2025-08-01T08:05-04:00,75
2025-08-01T08:00-04:00,74
2025-08-01T07:55-04:00,74
2025-08-01T07:50-04:00,75
2025-08-01T07:45-04:00,76
2025-08-01T07:40-04:00,77
2025-08-01T07:35-04:00,82
2025-08-01T07:30-04:00,83
2025-08-01T07:25-04:00,83
2025-08-01T07:20-04:00,85
2025-08-01T07:15-04:00,79
2025-08-01T07:10-04:00,78
2025-08-01T07:05-04:00,80
2025-08-01T07:00-04:00,72
2025-08-01T06:55-04:00,72
2025-08-01T06:50-04:00,72
2025-08-01T06:45-04:00,69
2025-08-01T06:40-04:00,69
2025-08-01T06:35-04:00,69
2025-08-01T06:30-04:00,69
2025-08-01T06:25-04:00,69
2025-08-01T06:20-04:00,68
2025-08-01T06:15-04:00,68
2025-08-01T06:10-04:00,68
2025-08-01T06:05-04:00,67
2025-08-01T06:00-04:00,68
2025-08-01T05:55-04:00,68
2025-08-01T05:50-04:00,70
2025-08-01T05:45-04:00,70
2025-08-01T05:40-04:00,70
2025-08-01T05:35-04:00,70
2025-08-01T05:30-04:00,69
2025-08-01T05:25-04:00,68
2025-08-01T05:20-04:00,68
2025-08-01T05:15-04:00,68
2025-08-01T05:10-04:00,68
2025-08-01T05:05-04:00,68
2025-08-01T05:00-04:00,68
2025-08-01T04:55-04:00,68
2025-08-01T04:50-04:00,68
2025-08-01T04:45-04:00,68
2025-08-01T04:40-04:00,68
2025-08-01T04:35-04:00,68
2025-08-01T04:30-04:00,70
2025-08-01T04:25-04:00,71
2025-08-01T04:20-04:00,69
2025-08-01T04:15-04:00,70
2025-08-01T04:10-04:00,70
2025-08-01T04:05-04:00,68
2025-08-01T04:00-04:00,68
2025-08-01T03:55-04:00,68
2025-08-01T03:50-04:00,67
2025-08-01T03:45-04:00,68
2025-08-01T03:40-04:00,68
2025-08-01T03:35-04:00,68
2025-08-01T03:30-04:00,69
2025-08-01T03:25-04:00,70
2025-08-01T03:20-04:00,70
2025-08-01T03:15-04:00,70
2025-08-01T03:10-04:00,70
2025-08-01T03:05-04:00,70
2025-08-01T03:00-04:00,70
2025-08-01T02:55-04:00,68
2025-08-01T02:50-04:00,69
2025-08-01T02:45-04:00,69
2025-08-01T02:40-04:00,69
2025-08-01T02:35-04:00,71
2025-08-01T02:30-04:00,70
2025-08-01T02:25-04:00,72
2025-08-01T02:20-04:00,74
2025-08-01T02:15-04:00,74
2025-08-01T02:10-04:00,73
2025-08-01T02:05-04:00,73
2025-08-01T02:00-04:00,75
2025-08-01T01:55-04:00,73
2025-08-01T01:50-04:00,66
2025-08-01T01:45-04:00,65
2025-08-01T01:40-04:00,63
2025-08-01T01:35-04:00,60
2025-08-01T01:30-04:00,60
2025-08-01T01:25-04:00,59
2025-08-01T01:20-04:00,60
2025-08-01T01:15-04:00,60
2025-08-01T01:10-04:00,61
2025-08-01T01:05-04:00,62
2025-08-01T01:00-04:00,63
2025-08-01T00:55-04:00,66
2025-08-01T00:50-04:00,65
2025-08-01T00:45-04:00,66
2025-08-01T00:40-04:00,67
2025-08-01T00:35-04:00,68
2025-08-01T00:30-04:00,69
2025-08-01T00:25-04:00,71
2025-08-01T00:20-04:00,72
2025-08-01T00:15-04:00,74
2025-08-01T00:10-04:00,79
2025-08-01T00:05-04:00,81
2025-08-01T00:00-04:00,83
2025-07-31T23:55-04:00,85
2025-07-31T23:50-04:00,86
2025-07-31T23:45-04:00,86
2025-07-31T23:40-04:00,87
2025-07-31T23:35-04:00,87
2025-07-31T23:30-04:00,88
2025-07-31T23:25-04:00,90
2025-07-31T23:20-04:00,91
2025-07-31T23:15-04:00,92
2025-07-31T23:10-04:00,93
2025-07-31T23:05-04:00,94
2025-07-31T23:00-04:00,96
2025-07-31T22:55-04:00,96
2025-07-31T22:50-04:00,97
2025-07-31T22:45-04:00,98
2025-07-31T22:40-04:00,96
2025-07-31T22:35-04:00,93
2025-07-31T22:30-04:00,89
2025-07-31T22:25-04:00,84
2025-07-31T22:20-04:00,83
2025-07-31T22:15-04:00,82
2025-07-31T22:10-04:00,82
2025-07-31T22:05-04:00,83
2025-07-31T22:00-04:00,84
2025-07-31T21:55-04:00,83
2025-07-31T21:50-04:00,84
2025-07-31T21:45-04:00,85
2025-07-31T21:40-04:00,86
2025-07-31T21:35-04:00,88
2025-07-31T21:30-04:00,89
2025-07-31T21:25-04:00,91
2025-07-31T21:20-04:00,93
2025-07-31T21:15-04:00,95
2025-07-31T21:10-04:00,97
2025-07-31T21:05-04:00,99
2025-07-31T21:00-04:00,102
2025-07-31T20:55-04:00,102
2025-07-31T20:50-04:00,103
2025-07-31T20:45-04:00,104
2025-07-31T20:40-04:00,104
2025-07-31T20:35-04:00,103
2025-07-31T20:30-04:00,102
2025-07-31T20:25-04:00,104
2025-07-31T20:20-04:00,107
2025-07-31T20:15-04:00,104
2025-07-31T20:10-04:00,95
2025-07-31T20:05-04:00,90
2025-07-31T20:00-04:00,84
2025-07-31T19:55-04:00,82
2025-07-31T19:50-04:00,87
2025-07-31T19:45-04:00,94
2025-07-31T19:40-04:00,101
2025-07-31T19:35-04:00,111
2025-07-31T19:30-04:00,119
2025-07-31T19:25-04:00,126
2025-07-31T19:20-04:00,132
2025-07-31T19:15-04:00,132
2025-07-31T19:10-04:00,135
2025-07-31T19:05-04:00,134
2025-07-31T19:00-04:00,130
2025-07-31T18:55-04:00,124
2025-07-31T18:50-04:00,116
2025-07-31T18:45-04:00,108
2025-07-31T18:40-04:00,97
2025-07-31T18:35-04:00,89
2025-07-31T18:30-04:00,85
2025-07-31T18:25-04:00,80
2025-07-31T18:20-04:00,78
2025-07-31T18:15-04:00,77
2025-07-31T18:10-04:00,76
2025-07-31T18:05-04:00,75
2025-07-31T18:00-04:00,74
2025-07-31T17:55-04:00,73
2025-07-31T17:50-04:00,72
2025-07-31T17:45-04:00,73
2025-07-31T17:40-04:00,73
2025-07-31T17:35-04:00,74
2025-07-31T17:30-04:00,76
2025-07-31T17:25-04:00,80
2025-07-31T17:20-04:00,81
2025-07-31T17:15-04:00,82
2025-07-31T17:10-04:00,85
2025-07-31T17:05-04:00,87
2025-07-31T17:00-04:00,87
2025-07-31T16:55-04:00,88
2025-07-31T16:50-04:00,91
2025-07-31T16:45-04:00,92
2025-07-31T16:40-04:00,89
2025-07-31T16:35-04:00,86
2025-07-31T16:30-04:00,85
2025-07-31T16:25-04:00,81
2025-07-31T16:20-04:00,79
2025-07-31T16:15-04:00,79
2025-07-31T16:10-04:00,78
2025-07-31T16:05-04:00,80
2025-07-31T16:00-04:00,82
2025-07-31T15:55-04:00,83
2025-07-31T15:50-04:00,87
2025-07-31T15:45-04:00,91
2025-07-31T15:40-04:00,93
2025-07-31T15:35-04:00,97
2025-07-31T15:30-04:00,97
2025-07-31T15:25-04:00,95
2025-07-31T15:20-04:00,94
2025-07-31T15:15-04:00,92
2025-07-31T15:10-04:00,90
2025-07-31T15:05-04:00,89
2025-07-31T15:00-04:00,90
2025-07-31T14:55-04:00,88
2025-07-31T14:50-04:00,87
2025-07-31T14:45-04:00,89
2025-07-31T14:40-04:00,88
2025-07-31T14:35-04:00,88
2025-07-31T14:30-04:00,89
2025-07-31T14:25-04:00,88
2025-07-31T14:20-04:00,89
2025-07-31T14:15-04:00,89
2025-07-31T14:10-04:00,89
2025-07-31T14:05-04:00,90
2025-07-31T14:00-04:00,90
2025-07-31T13:55-04:00,91
2025-07-31T13:50-04:00,93
2025-07-31T13:45-04:00,92
2025-07-31T13:40-04:00,91
2025-07-31T13:35-04:00,92
2025-07-31T13:30-04:00,90
2025-07-31T13:25-04:00,85
2025-07-31T13:20-04:00,83
2025-07-31T13:15-04:00,86
2025-07-31T13:10-04:00,88
2025-07-31T13:05-04:00,82
2025-07-31T13:00-04:00,83
2025-07-31T12:55-04:00,89
2025-07-31T12:50-04:00,77
2025-07-31T12:45-04:00,74
2025-07-31T12:40-04:00,78
2025-07-31T12:35-04:00,72
2025-07-31T12:30-04:00,72
2025-07-31T12:25-04:00,75
2025-07-31T12:20-04:00,77
2025-07-31T12:15-04:00,77
2025-07-31T12:10-04:00,78
2025-07-31T12:05-04:00,77
2025-07-31T12:00-04:00,77
2025-07-31T11:55-04:00,77
2025-07-31T11:50-04:00,77
2025-07-31T11:45-04:00,76
2025-07-31T11:40-04:00,78
2025-07-31T11:35-04:00,81
2025-07-31T11:30-04:00,82
2025-07-31T11:25-04:00,85
2025-07-31T11:20-04:00,91
2025-07-31T11:15-04:00,93
2025-07-31T11:10-04:00,92
2025-07-31T11:05-04:00,93
2025-07-31T11:00-04:00,91
2025-07-31T10:55-04:00,88
2025-07-31T10:50-04:00,88
2025-07-31T10:45-04:00,89
2025-07-31T10:40-04:00,90
2025-07-31T10:35-04:00,92
2025-07-31T10:30-04:00,94
2025-07-31T10:25-04:00,97
2025-07-31T10:20-04:00,98
2025-07-31T10:15-04:00,97
2025-07-31T10:10-04:00,95
2025-07-31T10:05-04:00,93
2025-07-31T10:00-04:00,91
2025-07-31T09:55-04:00,87
2025-07-31T09:50-04:00,84
2025-07-31T09:45-04:00,86
2025-07-31T09:40-04:00,87
2025-07-31T09:35-04:00,85
2025-07-31T09:30-04:00,84
2025-07-31T09:25-04:00,80
2025-07-31T09:20-04:00,77
2025-07-31T09:15-04:00,77
2025-07-31T09:10-04:00,77
2025-07-31T09:05-04:00,82
2025-07-31T09:00-04:00,83
2025-07-31T08:55-04:00,82
2025-07-31T08:50-04:00,84
2025-07-31T08:45-04:00,84
2025-07-31T08:40-04:00,83
2025-07-31T08:35-04:00,83
2025-07-31T08:30-04:00,84
2025-07-31T08:25-04:00,83
2025-07-31T08:20-04:00,80
2025-07-31T08:15-04:00,79
2025-07-31T08:10-04:00,75
2025-07-31T08:05-04:00,73
2025-07-31T08:00-04:00,74
2025-07-31T07:55-04:00,74
2025-07-31T07:50-04:00,78
2025-07-31T07:45-04:00,80
2025-07-31T07:40-04:00,82
2025-07-31T07:35-04:00,83
2025-07-31T07:30-04:00,83
2025-07-31T07:25-04:00,83
2025-07-31T07:20-04:00,79
2025-07-31T07:15-04:00,78
2025-07-31T07:10-04:00,77
2025-07-31T07:05-04:00,74
2025-07-31T07:00-04:00,74
2025-07-31T06:55-04:00,73
2025-07-31T06:50-04:00,71
2025-07-31T06:45-04:00,71
2025-07-31T06:40-04:00,71
2025-07-31T06:35-04:00,71
2025-07-31T06:30-04:00,69
2025-07-31T06:25-04:00,69
2025-07-31T06:20-04:00,68
2025-07-31T06:15-04:00,68
2025-07-31T06:10-04:00,68
2025-07-31T06:05-04:00,68
2025-07-31T06:00-04:00,69
2025-07-31T05:55-04:00,69
2025-07-31T05:50-04:00,70
2025-07-31T05:45-04:00,70
2025-07-31T05:40-04:00,71
2025-07-31T05:35-04:00,72
2025-07-31T05:30-04:00,70
2025-07-31T05:25-04:00,71
2025-07-31T05:20-04:00,72
2025-07-31T05:15-04:00,73
2025-07-31T05:10-04:00,74
2025-07-31T05:05-04:00,76
2025-07-31T05:00-04:00,77
2025-07-31T04:55-04:00,77
2025-07-31T04:50-04:00,78
2025-07-31T04:45-04:00,76
2025-07-31T04:40-04:00,72
2025-07-31T04:35-04:00,70
2025-07-31T04:30-04:00,68
2025-07-31T04:25-04:00,65
2025-07-31T04:20-04:00,64
2025-07-31T04:15-04:00,63
2025-07-31T04:10-04:00,63
2025-07-31T04:05-04:00,64
2025-07-31T04:00-04:00,66
2025-07-31T03:55-04:00,66
2025-07-31T03:50-04:00,67
2025-07-31T03:45-04:00,71
2025-07-31T03:40-04:00,73
2025-07-31T03:35-04:00,73
2025-07-31T03:30-04:00,75
2025-07-31T03:25-04:00,77
2025-07-31T03:20-04:00,78
2025-07-31T03:15-04:00,77
2025-07-31T03:10-04:00,78
2025-07-31T03:05-04:00,78
2025-07-31T03:00-04:00,76
2025-07-31T02:55-04:00,76
2025-07-31T02:50-04:00,77
2025-07-31T02:45-04:00,78
2025-07-31T02:40-04:00,79
2025-07-31T02:35-04:00,80
2025-07-31T02:30-04:00,79
2025-07-31T02:25-04:00,79
2025-07-31T02:20-04:00,79
2025-07-31T02:15-04:00,78
2025-07-31T02:10-04:00,77
2025-07-31T02:05-04:00,76
2025-07-31T02:00-04:00,76
2025-07-31T01:55-04:00,76
2025-07-31T01:50-04:00,76
2025-07-31T01:45-04:00,76
2025-07-31T01:40-04:00,77
2025-07-31T01:35-04:00,76
2025-07-31T01:30-04:00,77
2025-07-31T01:25-04:00,78
2025-07-31T01:20-04:00,78
2025-07-31T01:15-04:00,78
2025-07-31T01:10-04:00,79
2025-07-31T01:05-04:00,80
2025-07-31T01:00-04:00,82
2025-07-31T00:55-04:00,83
2025-07-31T00:50-04:00,85
2025-07-31T00:45-04:00,86
2025-07-31T00:40-04:00,84
2025-07-31T00:35-04:00,84
2025-07-31T00:30-04:00,85
2025-07-31T00:25-04:00,83
2025-07-31T00:20-04:00,81
2025-07-31T00:15-04:00,81
2025-07-31T00:10-04:00,87
2025-07-31T00:05-04:00,87
2025-07-31T00:00-04:00,83
2025-07-30T23:55-04:00,85
2025-07-30T23:50-04:00,86
2025-07-30T23:45-04:00,84
2025-07-30T23:40-04:00,86
2025-07-30T23:35-04:00,87
2025-07-30T23:30-04:00,85
2025-07-30T23:25-04:00,85
2025-07-30T23:20-04:00,87
2025-07-30T23:15-04:00,90
2025-07-30T23:10-04:00,92
2025-07-30T23:05-04:00,93
2025-07-30T23:00-04:00,94
2025-07-30T22:55-04:00,96
2025-07-30T22:50-04:00,97
2025-07-30T22:45-04:00,98
2025-07-30T22:40-04:00,99
2025-07-30T22:35-04:00,99
2025-07-30T22:30-04:00,97
2025-07-30T22:25-04:00,95
2025-07-30T22:20-04:00,95
2025-07-30T22:15-04:00,95
2025-07-30T22:10-04:00,98
2025-07-30T22:05-04:00,101
2025-07-30T22:00-04:00,105
2025-07-30T21:55-04:00,111
2025-07-30T21:50-04:00,117
2025-07-30T21:45-04:00,120
2025-07-30T21:40-04:00,123
2025-07-30T21:35-04:00,129
2025-07-30T21:30-04:00,135
2025-07-30T21:25-04:00,137
2025-07-30T21:20-04:00,135
2025-07-30T21:15-04:00,135
2025-07-30T21:10-04:00,128
2025-07-30T21:05-04:00,118
2025-07-30T21:00-04:00,110
2025-07-30T20:55-04:00,108
2025-07-30T20:50-04:00,105
2025-07-30T20:45-04:00,103
2025-07-30T20:40-04:00,112
2025-07-30T20:35-04:00,116
2025-07-30T20:30-04:00,118
2025-07-30T20:25-04:00,121
2025-07-30T20:20-04:00,124
2025-07-30T20:15-04:00,127
2025-07-30T20:10-04:00,131
2025-07-30T20:05-04:00,132
2025-07-30T20:00-04:00,129
2025-07-30T19:55-04:00,124
2025-07-30T19:50-04:00,117
2025-07-30T19:45-04:00,108
2025-07-30T19:40-04:00,99
2025-07-30T19:35-04:00,95
2025-07-30T19:30-04:00,93
2025-07-30T19:25-04:00,91
2025-07-30T19:20-04:00,91
2025-07-30T19:15-04:00,90
2025-07-30T19:10-04:00,91
2025-07-30T19:05-04:00,90
2025-07-30T19:00-04:00,88
2025-07-30T18:55-04:00,85
2025-07-30T18:50-04:00,83
2025-07-30T18:45-04:00,82
2025-07-30T18:40-04:00,79
2025-07-30T18:35-04:00,77
2025-07-30T18:30-04:00,77
2025-07-30T18:25-04:00,77
2025-07-30T18:20-04:00,74
2025-07-30T18:15-04:00,75
2025-07-30T18:10-04:00,77
2025-07-30T18:05-04:00,78
2025-07-30T18:00-04:00,78
2025-07-30T17:55-04:00,78
2025-07-30T17:50-04:00,77
2025-07-30T17:45-04:00,74
2025-07-30T17:40-04:00,75
2025-07-30T17:35-04:00,77
2025-07-30T17:30-04:00,78
2025-07-30T17:25-04:00,81
2025-07-30T17:20-04:00,86
2025-07-30T17:15-04:00,92
2025-07-30T17:10-04:00,98
2025-07-30T17:05-04:00,105
2025-07-30T17:00-04:00,111
2025-07-30T16:55-04:00,116
2025-07-30T16:50-04:00,117
2025-07-30T16:45-04:00,113
2025-07-30T16:40-04:00,109
2025-07-30T16:35-04:00,103
2025-07-30T16:30-04:00,95
2025-07-30T16:25-04:00,89
2025-07-30T16:20-04:00,85
2025-07-30T16:15-04:00,84
2025-07-30T16:10-04:00,83
2025-07-30T16:05-04:00,83
2025-07-30T16:00-04:00,84
2025-07-30T15:55-04:00,85
2025-07-30T15:50-04:00,85
2025-07-30T15:45-04:00,86
2025-07-30T15:40-04:00,88
2025-07-30T15:35-04:00,89
2025-07-30T15:30-04:00,89
2025-07-30T15:25-04:00,88
2025-07-30T15:20-04:00,88
2025-07-30T15:15-04:00,87
2025-07-30T15:10-04:00,86
2025-07-30T15:05-04:00,86
2025-07-30T15:00-04:00,86
2025-07-30T14:55-04:00,87
2025-07-30T14:50-04:00,88
2025-07-30T14:45-04:00,90
2025-07-30T14:40-04:00,92
2025-07-30T14:35-04:00,96
2025-07-30T14:30-04:00,99
2025-07-30T14:25-04:00,103
2025-07-30T14:20-04:00,107
2025-07-30T14:15-04:00,110
2025-07-30T14:10-04:00,110
2025-07-30T14:05-04:00,110
2025-07-30T14:00-04:00,109
2025-07-30T13:55-04:00,106
2025-07-30T13:50-04:00,101
2025-07-30T13:45-04:00,96
2025-07-30T13:40-04:00,89
2025-07-30T13:35-04:00,85
2025-07-30T13:30-04:00,82
2025-07-30T13:25-04:00,80
2025-07-30T13:20-04:00,77
2025-07-30T13:15-04:00,76
2025-07-30T13:10-04:00,79
2025-07-30T13:05-04:00,76
2025-07-30T13:00-04:00,76
2025-07-30T12:55-04:00,78
2025-07-30T12:50-04:00,76
2025-07-30T12:45-04:00,75
2025-07-30T12:40-04:00,78
2025-07-30T12:35-04:00,78
2025-07-30T12:30-04:00,78
2025-07-30T12:25-04:00,78
2025-07-30T12:20-04:00,77
2025-07-30T12:15-04:00,78
2025-07-30T12:10-04:00,78
2025-07-30T12:05-04:00,78
2025-07-30T12:00-04:00,78
2025-07-30T11:55-04:00,78
2025-07-30T11:50-04:00,80
2025-07-30T11:45-04:00,81
2025-07-30T11:40-04:00,82
2025-07-30T11:35-04:00,86
2025-07-30T11:30-04:00,89
2025-07-30T11:25-04:00,93
2025-07-30T11:20-04:00,95
2025-07-30T11:15-04:00,94
2025-07-30T11:10-04:00,92
2025-07-30T11:05-04:00,91
2025-07-30T11:00-04:00,89
2025-07-30T10:55-04:00,89
2025-07-30T10:50-04:00,88
2025-07-30T10:45-04:00,91
2025-07-30T10:40-04:00,95
2025-07-30T10:35-04:00,99
2025-07-30T10:30-04:00,101
2025-07-30T10:25-04:00,99
2025-07-30T10:20-04:00,95
2025-07-30T10:15-04:00,89
2025-07-30T10:10-04:00,84
2025-07-30T10:05-04:00,81
2025-07-30T10:00-04:00,79
2025-07-30T09:55-04:00,78
2025-07-30T09:50-04:00,79
2025-07-30T09:45-04:00,79
2025-07-30T09:40-04:00,76
2025-07-30T09:35-04:00,77
2025-07-30T09:30-04:00,77
2025-07-30T09:25-04:00,77
2025-07-30T09:20-04:00,80
2025-07-30T09:15-04:00,83
2025-07-30T09:10-04:00,82
2025-07-30T09:05-04:00,82
2025-07-30T09:00-04:00,80
2025-07-30T08:55-04:00,79
2025-07-30T08:50-04:00,82
2025-07-30T08:45-04:00,83
2025-07-30T08:40-04:00,82
2025-07-30T08:35-04:00,85
2025-07-30T08:30-04:00,86
2025-07-30T08:25-04:00,87
2025-07-30T08:20-04:00,88
2025-07-30T08:15-04:00,88
2025-07-30T08:10-04:00,88
2025-07-30T08:05-04:00,87
2025-07-30T08:00-04:00,86
2025-07-30T07:55-04:00,86
2025-07-30T07:50-04:00,84
2025-07-30T07:45-04:00,83
2025-07-30T07:40-04:00,85
2025-07-30T07:35-04:00,85
2025-07-30T07:30-04:00,84
2025-07-30T07:25-04:00,85
2025-07-30T07:20-04:00,84
2025-07-30T07:15-04:00,80
2025-07-30T07:10-04:00,80
2025-07-30T07:05-04:00,81
2025-07-30T07:00-04:00,77
2025-07-30T06:55-04:00,76
2025-07-30T06:50-04:00,75
2025-07-30T06:45-04:00,73
2025-07-30T06:40-04:00,72
2025-07-30T06:35-04:00,70
2025-07-30T06:30-04:00,73
2025-07-30T06:25-04:00,73
2025-07-30T06:20-04:00,73
2025-07-30T06:15-04:00,74
2025-07-30T06:10-04:00,74
2025-07-30T06:05-04:00,74
2025-07-30T06:00-04:00,74
2025-07-30T05:55-04:00,74
2025-07-30T05:50-04:00,74
2025-07-30T05:45-04:00,73
2025-07-30T05:40-04:00,72
2025-07-30T05:35-04:00,72
2025-07-30T05:30-04:00,72
2025-07-30T05:25-04:00,73
2025-07-30T05:20-04:00,71
2025-07-30T05:15-04:00,71
2025-07-30T05:10-04:00,72
2025-07-30T05:05-04:00,71
2025-07-30T05:00-04:00,74
2025-07-30T04:55-04:00,74
2025-07-30T04:50-04:00,73
2025-07-30T04:45-04:00,75
2025-07-30T04:40-04:00,76
2025-07-30T04:35-04:00,73
2025-07-30T04:30-04:00,65
2025-07-30T04:25-04:00,63
2025-07-30T04:20-04:00,62
2025-07-30T04:15-04:00,61
2025-07-30T04:10-04:00,63
2025-07-30T04:05-04:00,69
2025-07-30T04:00-04:00,75
2025-07-30T03:55-04:00,72
2025-07-30T03:50-04:00,76
2025-07-30T03:45-04:00,79
2025-07-30T03:40-04:00,70
2025-07-30T03:35-04:00,67
2025-07-30T03:30-04:00,67
2025-07-30T03:25-04:00,65
2025-07-30T03:20-04:00,63
2025-07-30T03:15-04:00,62
2025-07-30T03:10-04:00,62
2025-07-30T03:05-04:00,62
2025-07-30T03:00-04:00,63
2025-07-30T02:55-04:00,65
2025-07-30T02:50-04:00,66
2025-07-30T02:45-04:00,69
2025-07-30T02:40-04:00,72
2025-07-30T02:35-04:00,74
2025-07-30T02:30-04:00,71
2025-07-30T02:25-04:00,72
2025-07-30T02:20-04:00,72
2025-07-30T02:15-04:00,68
2025-07-30T02:10-04:00,69
2025-07-30T02:05-04:00,69
2025-07-30T02:00-04:00,67
2025-07-30T01:55-04:00,67
2025-07-30T01:50-04:00,67
2025-07-30T01:45-04:00,67
2025-07-30T01:40-04:00,66
2025-07-30T01:35-04:00,66
2025-07-30T01:30-04:00,65
2025-07-30T01:25-04:00,65
2025-07-30T01:20-04:00,66
2025-07-30T01:15-04:00,66
2025-07-30T01:10-04:00,66
2025-07-30T01:05-04:00,67
2025-07-30T01:00-04:00,69
2025-07-30T00:55-04:00,69
2025-07-30T00:50-04:00,69
2025-07-30T00:45-04:00,69
2025-07-30T00:40-04:00,68
2025-07-30T00:35-04:00,68
2025-07-30T00:30-04:00,70
2025-07-30T00:25-04:00,71
2025-07-30T00:20-04:00,72
2025-07-30T00:15-04:00,77
2025-07-30T00:10-04:00,85
2025-07-30T00:05-04:00,84
2025-07-30T00:00-04:00,87
2025-07-29T23:55-04:00,86
2025-07-29T23:50-04:00,83
2025-07-29T23:45-04:00,87
2025-07-29T23:40-04:00,86
2025-07-29T23:35-04:00,86
2025-07-29T23:30-04:00,84
2025-07-29T23:25-04:00,88
2025-07-29T23:20-04:00,95
2025-07-29T23:15-04:00,87
2025-07-29T23:10-04:00,84
2025-07-29T23:05-04:00,89
2025-07-29T23:00-04:00,85
2025-07-29T22:55-04:00,85
2025-07-29T22:50-04:00,87
2025-07-29T22:45-04:00,87
2025-07-29T22:40-04:00,85
2025-07-29T22:35-04:00,86
2025-07-29T22:30-04:00,89
2025-07-29T22:25-04:00,91
2025-07-29T22:20-04:00,91
2025-07-29T22:15-04:00,93
2025-07-29T22:10-04:00,96
2025-07-29T22:05-04:00,95
2025-07-29T22:00-04:00,97
2025-07-29T21:55-04:00,99
2025-07-29T21:50-04:00,98
2025-07-29T21:45-04:00,98
2025-07-29T21:40-04:00,97
2025-07-29T21:35-04:00,96
2025-07-29T21:30-04:00,95
2025-07-29T21:25-04:00,93
2025-07-29T21:20-04:00,94
2025-07-29T21:15-04:00,96
2025-07-29T21:10-04:00,97
2025-07-29T21:05-04:00,97
2025-07-29T21:00-04:00,98
2025-07-29T20:55-04:00,99
2025-07-29T20:50-04:00,99
2025-07-29T20:45-04:00,100
2025-07-29T20:40-04:00,102
2025-07-29T20:35-04:00,105
2025-07-29T20:30-04:00,108
2025-07-29T20:25-04:00,109
2025-07-29T20:20-04:00,109
2025-07-29T20:15-04:00,109
2025-07-29T20:10-04:00,108
2025-07-29T20:05-04:00,103
2025-07-29T20:00-04:00,95
2025-07-29T19:55-04:00,91
2025-07-29T19:50-04:00,88
2025-07-29T19:45-04:00,85
2025-07-29T19:40-04:00,87
2025-07-29T19:35-04:00,92
2025-07-29T19:30-04:00,96
2025-07-29T19:25-04:00,105
2025-07-29T19:20-04:00,115
2025-07-29T19:15-04:00,120
2025-07-29T19:10-04:00,118
2025-07-29T19:05-04:00,117
2025-07-29T19:00-04:00,109
2025-07-29T18:55-04:00,100
2025-07-29T18:50-04:00,95
2025-07-29T18:45-04:00,87
2025-07-29T18:40-04:00,83
2025-07-29T18:35-04:00,80
2025-07-29T18:30-04:00,77
2025-07-29T18:25-04:00,74
2025-07-29T18:20-04:00,73
2025-07-29T18:15-04:00,72
2025-07-29T18:10-04:00,72
2025-07-29T18:05-04:00,72
2025-07-29T18:00-04:00,74
2025-07-29T17:55-04:00,76
2025-07-29T17:50-04:00,77
2025-07-29T17:45-04:00,81
2025-07-29T17:40-04:00,90
2025-07-29T17:35-04:00,100
2025-07-29T17:30-04:00,106
2025-07-29T17:25-04:00,117
2025-07-29T17:20-04:00,122
2025-07-29T17:15-04:00,122
2025-07-29T17:10-04:00,126
2025-07-29T17:05-04:00,124
2025-07-29T17:00-04:00,119
2025-07-29T16:55-04:00,114
2025-07-29T16:50-04:00,105
2025-07-29T16:45-04:00,97
2025-07-29T16:40-04:00,94
2025-07-29T16:35-04:00,90
2025-07-29T16:30-04:00,89
2025-07-29T16:25-04:00,91
2025-07-29T16:20-04:00,92
2025-07-29T16:15-04:00,93
2025-07-29T16:10-04:00,95
2025-07-29T16:05-04:00,98
2025-07-29T16:00-04:00,100
2025-07-29T15:55-04:00,101
2025-07-29T15:50-04:00,103
2025-07-29T15:45-04:00,105
2025-07-29T15:40-04:00,106
2025-07-29T15:35-04:00,106
2025-07-29T15:30-04:00,107
2025-07-29T15:25-04:00,106
2025-07-29T15:20-04:00,105
2025-07-29T15:15-04:00,104
2025-07-29T15:10-04:00,104
2025-07-29T15:05-04:00,106
2025-07-29T15:00-04:00,108
2025-07-29T14:55-04:00,108
2025-07-29T14:50-04:00,110
2025-07-29T14:45-04:00,113
2025-07-29T14:40-04:00,117
2025-07-29T14:35-04:00,123
2025-07-29T14:30-04:00,131
2025-07-29T14:25-04:00,142
2025-07-29T14:20-04:00,151
2025-07-29T14:15-04:00,159
2025-07-29T14:10-04:00,165
2025-07-29T14:05-04:00,165
2025-07-29T14:00-04:00,162
2025-07-29T13:55-04:00,154
2025-07-29T13:50-04:00,143
2025-07-29T13:45-04:00,130
2025-07-29T13:40-04:00,118
2025-07-29T13:35-04:00,109
2025-07-29T13:30-04:00,102
2025-07-29T13:25-04:00,93
2025-07-29T13:20-04:00,88
2025-07-29T13:15-04:00,87
2025-07-29T13:10-04:00,85
2025-07-29T13:05-04:00,85
2025-07-29T13:00-04:00,85
2025-07-29T12:55-04:00,85
2025-07-29T12:50-04:00,86
2025-07-29T12:45-04:00,85
2025-07-29T12:40-04:00,84
2025-07-29T12:35-04:00,83
2025-07-29T12:30-04:00,83
2025-07-29T12:25-04:00,83
2025-07-29T12:20-04:00,82
2025-07-29T12:15-04:00,82
2025-07-29T12:10-04:00,82
2025-07-29T12:05-04:00,82
2025-07-29T12:00-04:00,82
2025-07-29T11:55-04:00,82
2025-07-29T11:50-04:00,81
2025-07-29T11:45-04:00,82
2025-07-29T11:40-04:00,82
2025-07-29T11:35-04:00,81
2025-07-29T11:30-04:00,81
2025-07-29T11:25-04:00,81
2025-07-29T11:20-04:00,80
2025-07-29T11:15-04:00,81
2025-07-29T11:10-04:00,80
2025-07-29T11:05-04:00,82
2025-07-29T11:00-04:00,82
2025-07-29T10:55-04:00,82
2025-07-29T10:50-04:00,85
2025-07-29T10:45-04:00,85
2025-07-29T10:40-04:00,84
2025-07-29T10:35-04:00,84
2025-07-29T10:30-04:00,85
2025-07-29T10:25-04:00,84
2025-07-29T10:20-04:00,83
2025-07-29T10:15-04:00,84
2025-07-29T10:10-04:00,86
2025-07-29T10:05-04:00,86
2025-07-29T10:00-04:00,87
2025-07-29T09:55-04:00,88
2025-07-29T09:50-04:00,89
2025-07-29T09:45-04:00,90
2025-07-29T09:40-04:00,89
2025-07-29T09:35-04:00,89
2025-07-29T09:30-04:00,88
2025-07-29T09:25-04:00,88
2025-07-29T09:20-04:00,86
2025-07-29T09:15-04:00,88
2025-07-29T09:10-04:00,88
2025-07-29T09:05-04:00,86
2025-07-29T09:00-04:00,85
2025-07-29T08:55-04:00,84
2025-07-29T08:50-04:00,85
2025-07-29T08:45-04:00,85
2025-07-29T08:40-04:00,88
2025-07-29T08:35-04:00,90
2025-07-29T08:30-04:00,90
2025-07-29T08:25-04:00,89
2025-07-29T08:20-04:00,86
2025-07-29T08:15-04:00,84
2025-07-29T08:10-04:00,81
2025-07-29T08:05-04:00,79
2025-07-29T08:00-04:00,79
2025-07-29T07:55-04:00,80
2025-07-29T07:50-04:00,81
2025-07-29T07:45-04:00,83
2025-07-29T07:40-04:00,83
2025-07-29T07:35-04:00,86
2025-07-29T07:30-04:00,88
2025-07-29T07:25-04:00,87
2025-07-29T07:20-04:00,90
2025-07-29T07:15-04:00,89
2025-07-29T07:10-04:00,86
2025-07-29T07:05-04:00,89
2025-07-29T07:00-04:00,85
2025-07-29T06:55-04:00,83
2025-07-29T06:50-04:00,81
2025-07-29T06:45-04:00,79
2025-07-29T06:40-04:00,79
2025-07-29T06:35-04:00,78
2025-07-29T06:30-04:00,79
2025-07-29T06:25-04:00,82
2025-07-29T06:20-04:00,84
2025-07-29T06:15-04:00,85
2025-07-29T06:10-04:00,88
2025-07-29T06:05-04:00,89
2025-07-29T06:00-04:00,87
2025-07-29T05:55-04:00,85
2025-07-29T05:50-04:00,84
2025-07-29T05:45-04:00,82
2025-07-29T05:40-04:00,81
2025-07-29T05:35-04:00,80
2025-07-29T05:30-04:00,80
2025-07-29T05:25-04:00,79
2025-07-29T05:20-04:00,79
2025-07-29T05:15-04:00,80
2025-07-29T05:10-04:00,82
2025-07-29T05:05-04:00,83
2025-07-29T05:00-04:00,83
2025-07-29T04:55-04:00,85
2025-07-29T04:50-04:00,87
2025-07-29T04:45-04:00,85
2025-07-29T04:40-04:00,82
2025-07-29T04:35-04:00,82
2025-07-29T04:30-04:00,81
2025-07-29T04:25-04:00,79
2025-07-29T04:20-04:00,78
2025-07-29T04:15-04:00,78
2025-07-29T04:10-04:00,79
2025-07-29T04:05-04:00,79
2025-07-29T04:00-04:00,82
2025-07-29T03:55-04:00,82
2025-07-29T03:50-04:00,82
2025-07-29T03:45-04:00,82
2025-07-29T03:40-04:00,82
2025-07-29T03:35-04:00,82
2025-07-29T03:30-04:00,81
2025-07-29T03:25-04:00,83
2025-07-29T03:20-04:00,87
2025-07-29T03:15-04:00,88
2025-07-29T03:10-04:00,89
2025-07-29T03:05-04:00,91
2025-07-29T03:00-04:00,91
2025-07-29T02:55-04:00,85
2025-07-29T02:50-04:00,84
2025-07-29T02:45-04:00,83
2025-07-29T02:40-04:00,80
2025-07-29T02:35-04:00,82
2025-07-29T02:30-04:00,83
2025-07-29T02:25-04:00,83
2025-07-29T02:20-04:00,84
2025-07-29T02:15-04:00,84
2025-07-29T02:10-04:00,84
2025-07-29T02:05-04:00,83
2025-07-29T02:00-04:00,84
2025-07-29T01:55-04:00,83
2025-07-29T01:50-04:00,83
2025-07-29T01:45-04:00,84
2025-07-29T01:40-04:00,87
2025-07-29T01:35-04:00,85
2025-07-29T01:30-04:00,81
2025-07-29T01:25-04:00,80
2025-07-29T01:20-04:00,80
2025-07-29T01:15-04:00,78
2025-07-29T01:10-04:00,76
2025-07-29T01:05-04:00,76
2025-07-29T01:00-04:00,76
2025-07-29T00:55-04:00,76
2025-07-29T00:50-04:00,76
2025-07-29T00:45-04:00,75
2025-07-29T00:40-04:00,76
2025-07-29T00:35-04:00,77
2025-07-29T00:30-04:00,78
2025-07-29T00:25-04:00,76
2025-07-29T00:20-04:00,78
2025-07-29T00:15-04:00,81
2025-07-29T00:10-04:00,82
2025-07-29T00:05-04:00,80
2025-07-29T00:00-04:00,80
2025-07-28T23:55-04:00,82
2025-07-28T23:50-04:00,81
2025-07-28T23:45-04:00,80
2025-07-28T23:40-04:00,82
2025-07-28T23:35-04:00,85
2025-07-28T23:30-04:00,83
2025-07-28T23:25-04:00,85
2025-07-28T23:20-04:00,87
2025-07-28T23:15-04:00,86
2025-07-28T23:10-04:00,87
2025-07-28T23:05-04:00,87
2025-07-28T23:00-04:00,86
2025-07-28T22:55-04:00,92
2025-07-28T22:50-04:00,96
2025-07-28T22:45-04:00,96
2025-07-28T22:40-04:00,100
2025-07-28T22:35-04:00,104
2025-07-28T22:30-04:00,106
2025-07-28T22:25-04:00,105
2025-07-28T22:20-04:00,105
2025-07-28T22:15-04:00,105
2025-07-28T22:10-04:00,102
2025-07-28T22:05-04:00,101
2025-07-28T22:00-04:00,100
2025-07-28T21:55-04:00,106
2025-07-28T21:50-04:00,99
2025-07-28T21:45-04:00,101
2025-07-28T21:40-04:00,111
2025-07-28T21:35-04:00,107
2025-07-28T21:30-04:00,110
2025-07-28T21:25-04:00,115
2025-07-28T21:20-04:00,115
2025-07-28T21:15-04:00,119
2025-07-28T21:10-04:00,122
2025-07-28T21:05-04:00,118
2025-07-28T21:00-04:00,117
2025-07-28T20:55-04:00,112
2025-07-28T20:50-04:00,102
2025-07-28T20:45-04:00,99
2025-07-28T20:40-04:00,95
2025-07-28T20:35-04:00,91
2025-07-28T20:30-04:00,88
2025-07-28T20:25-04:00,86
2025-07-28T20:20-04:00,87
2025-07-28T20:15-04:00,85
2025-07-28T20:10-04:00,85
2025-07-28T20:05-04:00,89
2025-07-28T20:00-04:00,87
2025-07-28T19:55-04:00,88
2025-07-28T19:50-04:00,92
2025-07-28T19:45-04:00,89
2025-07-28T19:40-04:00,88
2025-07-28T19:35-04:00,92
2025-07-28T19:30-04:00,91
2025-07-28T19:25-04:00,88
2025-07-28T19:20-04:00,89
2025-07-28T19:15-04:00,96
2025-07-28T19:10-04:00,89
2025-07-28T19:05-04:00,84
2025-07-28T19:00-04:00,75