meal_id,carbohydrates,energyconsumed,fattotal,fiber,protein,sugar,meal_time,carbs,fat,kcal,net_carbs,hour,dow,hr_mean_30m,active_kcal_60m,steps_60m,walk_run_dist_60m,rest_hr_daily,exercise_min_60m,flights_60m,base,peak,d_peak,auc_0_2h,carbs_per_100kcal,fat_per_100kcal,protein_per_100kcal,sugar_per_100kcal,fiber_per_100kcal,carb_to_fat,carb_to_protein,fiber_to_carb,sugar_frac_carb,prev_meal_kcal,prev_meal_carbs,prev_meal_fat,prev_meal_protein,prev_meal_fiber
1,95.3657,1076.8490000000002,46.8651,15.25,75.4904,14.085,2025-07-30 12:00:00+00:00,95.3657,46.8651,1076.8490000000002,80.1157,12,2,97.58485200962768,3.8747256809505206,1172.0,0.48747717,53.9639175257732,32.0,0.0,84.64098857142858,87.92388,3.2828914285714177,1.4392242857142807,8.855995586330119,4.352058641135331,7.010305059474162,1.307982826461293,1.4161688394415846,2.0348979937117817,1.2632824668662181,0.15991074191338456,0.14769460982623092,0.0,0.0,0.0,0.0,0.0
2,39.6975,408.376,16.8392,4.27695,27.5014,15.3021,2025-07-30 13:37:00+00:00,39.6975,16.8392,408.376,35.42055,13,2,,3.931473684210526,1033.0,0.58144222,53.9639175257732,0.0,2.0,79.26471,100.91268,21.64797,19.372102500000015,9.720820984286979,4.123454845232201,6.734333049115685,3.7470615223542487,1.047306891082466,2.357445581889544,1.4434719162125593,0.10773851986300097,0.3854675890051618,1076.8490000000002,95.3657,46.8651,75.4904,15.25
3,63.922520000000006,919.279,49.477000000000004,12.62195,58.46362,25.40512,2025-07-31 11:52:00+00:00,63.922520000000006,49.477000000000004,919.279,51.30057000000001,11,3,118.58333754325696,3.2466099006357627,3935.0,1.8496861100000002,47.026315789473685,22.0,0.0,81.42945,86.9247,5.495249999999999,2.7476449999999986,6.953549458919927,5.382152746465271,6.359725386569556,2.763591898908175,1.3730271208490272,1.2919643209579337,1.0933725777950019,0.19745701205995927,0.39743613991694726,408.376,39.6975,16.8392,27.5014,4.27695
4,36.0067,359.89,14.916,6.753,23.7866,16.021,2025-08-01 13:09:00+00:00,36.0067,14.916,359.89,29.253700000000002,13,4,71.99945000000001,32.716166666666666,1195.0,0.48544292,52.01557093425605,1.0,0.0,78.26556,85.92552,7.659960000000012,6.688660000000013,10.00491814164073,4.1445997272927855,6.60940841198864,4.451637988130713,1.8764066746049997,2.413964708101052,1.5137387641050524,0.18754842327821147,0.44494495621801067,919.279,63.922520000000006,49.477000000000004,58.46362,12.62195
5,3.879,104.22,8.9874,2.25,3.807,0.783,2025-08-01 13:27:00+00:00,3.879,8.9874,104.22,1.629,13,4,77.49945000000001,31.03016666666667,2520.0,0.62969092,52.01557093425605,2.0,0.0,78.43205999999999,85.92552,7.493460000000013,5.994860000000013,3.7219343338904785,8.623488691004713,3.6528497058832308,0.7512953295788205,2.1588946252264956,0.4316041979210676,1.018912261909046,0.5800462541772997,0.2018560964537003,359.89,36.0067,14.916,23.7866,6.753
6,25.4049,373.376,16.2339,3.61688,34.355,8.37485,2025-08-01 17:32:00+00:00,25.4049,16.2339,373.376,21.788020000000003,17,4,54.521633333333334,13.298250000000003,320.0,0.1216763000000001,52.01557093425605,0.0,0.0,81.92904,102.91086,20.98182,13.98791,6.804106298197779,4.3478691604498705,9.201180554719155,2.24300704318701,0.9686964320987519,1.5649288485866708,0.739481858842036,0.14236937982950612,0.3296548961163045,104.22,3.879,8.9874,3.807,2.25
7,21.0,157.5,6.0,0.75,6.0,19.5,2025-08-01 18:40:00+00:00,21.0,6.0,157.5,20.25,18,4,67.9968253968254,12.423398576423576,7086.0,2.824129583,52.01557093425605,7.0,0.0,82.35727714285714,102.91086,20.553582857142857,20.422714285714285,13.33333324867725,3.809523785336357,3.809523785336357,12.380952302343161,0.4761904731670446,3.4999994166667636,3.4999994166667636,0.03571428401360552,0.9285713843537435,373.376,25.4049,16.2339,34.355,3.61688
8,66.0955,645.937,35.4581,14.3041,24.478,19.7174,2025-08-01 22:14:00+00:00,66.0955,35.4581,645.937,51.7914,22,4,100.45454545454547,14.905800757575758,5597.0,2.173295323,52.01557093425605,10.0,1.0,77.59947,136.88154,59.282070000000004,48.9298525,10.232499438439818,5.489405305022928,3.7895336483441366,3.0525267896830086,2.2144729250461377,1.8640451162345102,2.700200069441945,0.21641563773001737,0.2983168249227735,157.5,21.0,6.0,6.0,0.75
9,8.67,77.395,4.435,0.99,0.69,6.79,2025-08-01 22:40:00+00:00,8.67,4.435,77.395,7.68,22,4,78.0,29.243816666666667,1745.0,1.0551729000000003,52.01557093425605,0.0,1.0,83.49914571428572,136.88154,53.382394285714284,59.09163642857143,11.202273903969587,5.730344263449263,0.891530449104846,8.773176448437543,1.2791523834982572,1.9549037305741308,12.565199180870753,0.1141868380407338,0.7831602326228106,645.937,66.0955,35.4581,24.478,14.3041
10,23.455,384.5,25.475,2.85,14.005,19.405,2025-08-02 13:50:00+00:00,23.455,25.475,384.5,20.604999999999997,13,5,,8.269355769230769,428.0,0.11902996000000023,54.98954703832753,4.0,2.0,80.0735142857143,84.92652,4.8530057142857,3.1639349999999893,6.100130023146606,6.625487629062451,3.642392708342282,5.04681403108761,0.7412223647822566,0.9207065389320297,1.674758895054702,0.12150926789557588,0.8273288924609299,77.395,8.67,4.435,0.69,0.99
11,65.1836,563.837,25.8166,3.79828,22.758,3.50482,2025-08-02 15:45:00+00:00,65.1836,25.8166,563.837,61.38532,15,5,66.25,11.6986875,94.0,0.035674780000000225,54.98954703832753,0.0,0.0,83.35637999999999,113.90129999999999,30.544920000000005,35.77858500000002,11.560716995229619,4.578734626179669,4.036272887312693,0.6216016319936407,0.6736485887346014,2.524871496445252,2.86420586764189,0.05827048432012832,0.05376843172564216,384.5,23.455,25.475,14.005,2.85
12,75.8251,511.492,16.3654,10.7737,18.121,26.1895,2025-08-02 21:00:00+00:00,75.8251,16.3654,511.492,65.0514,21,5,,20.136750000000003,396.0,0.15413100000000024,54.98954703832753,1.0,2.0,81.78631714285714,124.89192,43.105602857142856,39.63235499999999,14.824298298264102,3.1995417265577144,3.5427729005678037,5.120216923978836,2.106328149597006,4.633256465881893,4.1843770109609295,0.14208619385815258,0.3453935392713819,563.837,65.1836,25.8166,22.758,3.79828
13,31.4236,370.24,18.4212,3.65586,22.0883,13.4168,2025-08-03 13:35:00+00:00,31.4236,18.4212,370.24,27.76774,13,6,80.88888888888889,13.134525812948226,5994.0,2.33178519502,53.015625,15.0,0.0,76.64790857142857,97.91514,21.26723142857142,18.650489999999994,8.487359527637858,4.975475353890785,5.965940995122242,3.623811571889014,0.9874297726138997,1.7058388321152351,1.4226354485118615,0.11634121754537298,0.42696570644465603,511.492,75.8251,16.3654,18.121,10.7737
14,28.579,406.833,25.868,8.67753,18.9182,4.27202,2025-08-03 16:00:00+00:00,28.579,25.868,406.833,19.90147,16,6,63.416666666666664,18.163999999999998,450.0,0.17206690000000022,53.015625,0.0,0.0,87.2102057142857,102.91086,15.700654285714293,13.89272142857144,7.0247496957603,6.35838290807682,4.650114408983257,1.0500672240205018,2.132946437154935,1.1048012561929312,1.5106616110062474,0.30363307660754135,0.14948108228135756,370.24,31.4236,18.4212,22.0883,3.65586
15,16.1301,567.0,49.2397,8.5,25.8014,4.71918,2025-08-03 19:04:00+00:00,16.1301,49.2397,567.0,7.630099999999999,19,6,63.916666666666664,14.029083333333332,431.0,0.16411206300000025,53.015625,0.0,0.0,114.90051,117.89784,2.997330000000005,0.33304000000000045,2.8448148097975046,8.68425042560097,4.550511455819205,0.8323068768389649,1.499118163140885,0.32758322395174577,0.6251637265743825,0.5269650822397206,0.29256977374165233,406.833,28.579,25.868,18.9182,8.67753
16,52.9836,332.349,10.1621,8.28603,13.6934,8.87043,2025-08-03 21:45:00+00:00,52.9836,10.1621,332.349,44.69757,21,6,68.70967741935483,3.4444749999999997,456.0,0.2986839100000002,53.015625,0.0,0.0,81.92903142857143,148.87115999999997,66.94212857142854,84.42691285714285,15.94215714221449,3.0576592586177207,4.120186899553822,2.669010580236407,2.4931713274504474,5.213843082252381,3.8692798085734874,0.15638857766575737,0.16741840555533402,567.0,16.1301,49.2397,25.8014,8.5
17,22.766759999999998,358.0769,18.0032,3.427998,27.3074,19.21145,2025-08-04 13:15:00+00:00,22.766759999999998,18.0032,358.0769,19.338762,13,0,,6.253061538461538,177.0,0.15436680000000022,56.010416666666664,0.0,0.0,78.93161999999998,93.9186,14.986980000000017,13.90467000000004,6.358064409186785,5.02774681911135,7.626127215617296,5.365174337229868,0.957335698121449,1.2645951128357673,0.8337212318374786,0.1505702985154542,0.8438376455921859,332.349,52.9836,10.1621,13.6934,8.28603
18,25.4102,379.01,22.527,2.7524,19.4435,19.378,2025-08-04 16:00:00+00:00,25.4102,22.527,379.01,22.657799999999998,16,0,66.5,10.603499999999999,284.0,0.11489360000000023,56.010416666666664,0.0,0.0,82.07177142857144,110.90394,28.832168571428568,31.175412857142835,6.704361344807891,5.9436426322692215,5.130075710060221,5.11279384419199,0.7262077498582947,1.1279885857864522,1.306873695225978,0.10831870239830059,0.7626071120019869,358.0769,22.766759999999998,18.0032,27.3074,3.427998
19,6.8,28.0,0.0,0.0,0.0,6.8,2025-08-04 17:10:00+00:00,6.8,0.0,28.0,6.8,17,0,85.01750202958375,27.376838888888887,7124.0,2.9207379800000006,56.010416666666664,20.0,12.0,96.20238857142859,110.90394,14.70155142857142,7.112918571428562,24.285713418367376,0.0,0.0,24.285713418367376,0.0,6800000.0,6800000.0,0.0,0.9999998529411981,379.01,25.4102,22.527,19.4435,2.7524
20,11.6,96.0,4.4,1.2,3.2,1.2,2025-08-04 19:07:00+00:00,11.6,4.4,96.0,10.4,19,0,70.875,13.038499999999999,292.0,0.11835370000000034,56.010416666666664,0.0,0.0,76.93341,131.88582,54.95241,64.36086,12.08333320746528,4.583333285590279,3.3333332986111115,1.249999986979167,1.249999986979167,2.6363630371902183,3.6249988671878537,0.10344826694411492,0.10344826694411492,28.0,6.8,0.0,0.0,0.0
21,51.3641,567.9,22.2679,8.01997,38.8418,0.6992,2025-08-04 23:04:00+00:00,51.3641,22.2679,567.9,43.34413,23,0,,0.41858333333333336,49.0,0.028427700000000333,56.010416666666664,0.0,0.0,78.26558999999999,120.89537999999999,42.62979,52.78759500000002,9.044567689655631,3.92109525634602,6.83954920436776,0.12312026743595657,1.4122151762419175,2.3066430913268383,1.322392337059757,0.1561395964080049,0.013612620222828394,96.0,11.6,4.4,3.2,1.2
22,74.8169,832.241,45.5733,14.61121,37.2221,40.116,2025-08-05 12:50:00+00:00,74.8169,45.5733,832.241,60.205690000000004,12,1,104.96551724137935,4.617168755882604,795.0,0.2969654800000003,57.937716262975776,25.0,2.0,78.50342571428573,98.91432,20.410894285714278,17.29455642857141,8.989811834564975,5.475973900016974,4.472514566727048,4.820238362661491,1.7556464993245389,1.6416827036514208,2.0100128146984506,0.19529290581014574,0.536189008951333,567.9,51.3641,22.2679,38.8418,8.01997
23,10.0673,314.984,17.5216,3.22405,29.6592,7.53485,2025-08-05 16:45:00+00:00,10.0673,17.5216,314.984,6.843249999999999,16,1,63.25,14.7185,250.0,0.09584990000000033,57.937716262975776,0.0,0.0,80.35899428571429,117.89784,37.53884571428571,33.39961928571429,3.196130586962733,5.56269523035235,9.416097295684553,2.39213737081205,1.023559923603866,0.5745650754174804,0.33943260979956946,0.32024968757763383,0.7484478709834941,832.241,74.8169,45.5733,37.2221,14.61121
24,10.58,62.5,1.56,0.26,1.17,7.59,2025-08-05 17:01:00+00:00,10.58,1.56,62.5,10.32,17,1,69.125,15.783000000000001,423.0,0.15541280000000035,57.937716262975776,0.0,0.0,80.43036000000001,117.89784,37.467479999999995,34.636634999999984,16.927999729152006,2.4959999600640006,1.8719999700480006,12.143999805696003,0.4159999933440001,6.782046934585298,9.04272731390828,0.024574666864398218,0.7173912365414711,314.984,10.0673,17.5216,29.6592,3.22405
25,7.1995,168.696,14.6125,2.556,4.91299,1.36403,2025-08-05 19:55:00+00:00,7.1995,14.6125,168.696,4.6434999999999995,19,1,63.416666666666664,13.661000000000001,426.0,0.15949820000000034,57.937716262975776,1.0,0.0,82.35725142857143,83.92734,1.5700885714285704,1.1894528571428573,4.267736020606677,8.662031057867223,2.912333410914702,0.8085728125825581,1.5151515061699654,0.49269457706110675,1.4654006083056126,0.35502460517749773,0.18946174186238743,62.5,10.58,1.56,1.17,0.26
26,80.1796,669.067,28.7882,12.17447,32.84202,11.9359,2025-08-05 22:27:00+00:00,80.1796,28.7882,669.067,68.00513,22,1,83.53201666666666,15.771318930008679,4007.0,1.4872106950000004,57.937716262975776,12.0,0.0,83.42775,158.86242,75.43466999999998,92.00366999999999,11.983792337712377,4.302737985429355,4.908629472222319,1.783961842709382,1.8196189592079433,2.785154932050113,2.4413722894824286,0.15183999231924342,0.14886454723066034,168.696,7.1995,14.6125,4.91299,2.556
27,32.6336,324.141,12.0651,4.53564,24.5874,23.9871,2025-08-06 13:22:00+00:00,32.6336,12.0651,324.141,28.09796,13,2,88.33333333333333,24.902166666666666,568.0,0.24447151000000045,46.01567944250871,4.0,2.0,81.76251,90.92124,9.158729999999991,10.477037499999986,10.067717412892176,3.722176448760951,7.585402625445707,7.40020544330953,1.399279938670887,2.704792939570088,1.3272488621306497,0.13898680688042978,0.7350430006176764,669.067,80.1796,28.7882,32.84202,12.17447
28,3.1032,83.376,7.18992,1.8,3.0456,0.6264,2025-08-06 15:40:00+00:00,3.1032,7.18992,83.376,1.3032000000000001,15,2,61.40282777777778,11.204,297.0,0.10953650000000045,46.01567944250871,0.0,0.0,83.07089999999998,104.90922,21.838320000000024,8.647290000000014,3.7219343249624073,8.623488670318933,3.6528496971208777,0.7512953277766343,2.1588946200478,0.43160418591525557,1.0189121949986226,0.5800462167935625,0.20185608344415973,324.141,32.6336,12.0651,24.5874,4.53564
29,10.7151,384.279,24.5164,2.572,28.3207,6.47726,2025-08-06 16:15:00+00:00,10.7151,24.5164,384.279,8.1431,16,2,59.5,9.854249999999999,291.0,0.11386490000000045,46.01567944250871,0.0,0.0,78.93162,106.90740000000001,27.975780000000015,20.399055000000008,2.7883646965138227,6.379843794795334,7.369827632085469,1.6855617879572868,0.6693053727388034,0.43705844100037355,0.3783486856487062,0.2400350682648722,0.6044982683784316,83.376,3.1032,7.18992,3.0456,1.8
30,6.436859999999999,113.17569999999999,8.61605,1.4174419999999999,4.329841,2.833507,2025-08-06 17:25:00+00:00,6.436859999999999,8.61605,113.17569999999999,5.019418,17,2,70.41666666666667,19.832666666666665,377.0,0.15266570000000046,46.01567944250871,0.0,0.0,88.20933428571428,106.90740000000001,18.698065714285732,9.277684285714292,5.687492936315013,7.612985759195784,3.8257691021502933,2.5036354756044323,1.2524260839347485,0.7470777505843454,1.4866269947032706,0.22020702326801836,0.44020012238884765,384.279,10.7151,24.5164,28.3207,2.572
31,2.41952,85.05,7.38596,1.275,3.87021,0.707877,2025-08-06 20:30:00+00:00,2.41952,7.38596,85.05,1.14452,20,2,54.916666666666664,14.4815,37.0,0.014727200000000443,46.01567944250871,0.0,0.0,81.64357714285714,104.90922,23.265642857142865,11.347313571428575,2.84482066026078,8.684256217704219,4.550511410340842,0.8323068685207894,1.4991181481585167,0.3275836414516676,0.6251648811912321,0.5269638081256579,0.29256906635652263,113.17569999999999,6.436859999999999,8.61605,4.329841,1.4174419999999999
32,52.2495,580.069,31.035800000000002,8.46121,25.68602,4.68909,2025-08-06 21:30:00+00:00,52.2495,31.035800000000002,580.069,43.788289999999996,21,2,87.33058608058609,40.851092307692305,5385.0,2.1568842600000004,46.01567944250871,6.0,0.0,82.07177142857142,133.884,51.81222857142856,53.94143571428572,9.007462889746801,5.350363482016169,4.428097339406007,0.80836762383722,1.4586557780907863,1.6835234895339093,2.034160915775939,0.1619385800450037,0.08974420636093731,85.05,2.41952,7.38596,3.87021,1.275
33,7.536,30.36,0.184,0.924,0.464,6.548,2025-08-06 22:07:00+00:00,7.536,0.184,30.36,6.611999999999999,22,2,76.5,23.98619230769231,1370.0,0.7369289500000005,46.01567944250871,2.0,0.0,86.59166999999998,138.87972,52.28805000000001,69.27340500000004,24.822133569758442,0.6060605860981361,1.5283266953779087,21.567851727014105,3.0434781606232493,40.95629915054809,16.241344307447612,0.12261144869805618,0.8688958507303808,580.069,52.2495,31.035800000000002,25.68602,8.46121
34,29.27294,302.906,14.329734199999999,3.2542400000000002,17.727693000000002,22.406689999999998,2025-08-07 14:00:00+00:00,29.27294,14.329734199999999,302.906,26.0187,14,3,,,20.0,0.0073818900000005554,49.07785467128028,0.0,0.0,74.79236571428571,109.90476,35.11239428571429,39.334973571428584,9.664034355001107,4.730752825197411,5.852539382341257,7.397242024267455,1.0743398906778345,2.0428109515938577,1.6512548106933702,0.11116887777008809,0.765440343011657,30.36,7.536,0.184,0.464,0.924
35,153.9225,1954.1599999999999,93.4102,17.912010000000002,118.6471,20.21708,2025-08-07 19:15:00+00:00,153.9225,93.4102,1954.1599999999999,136.01049,19,3,67.0,3.182657142857086,1096.0,0.4489414700000006,49.07785467128028,0.0,0.0,79.35983999999999,128.88846,49.52862000000002,72.54436500000001,7.876657997361191,4.780069183290995,6.071514100139439,1.0345662581187998,0.9166091819929745,1.6478125338794636,1.2973136191502903,0.11637031547453872,0.13134583877376055,302.906,29.27294,14.329734199999999,17.727693000000002,3.2542400000000002
36,22.958,91.2,0.454026,1.223896,1.855584,18.85194,2025-08-08 03:50:00+00:00,22.958,0.454026,91.2,21.734104,3,4,65.0,6.498333333333276,533.0,0.20549269000000067,49.07785467128028,0.0,0.0,102.91091142857142,183.84120000000001,80.93028857142859,74.10254785714287,25.17324533801266,0.49783552085706667,2.0346315566378115,20.670986615449706,1.3419912133553598,50.56527475238257,12.372378522137224,0.05331021633808623,0.8211490190282682,1954.1599999999999,153.9225,93.4102,118.6471,17.912010000000002
37,3.80255,89.1,7.71788,1.35,2.59489,0.720438,2025-08-08 14:40:00+00:00,3.80255,7.71788,89.1,2.45255,14,4,77.34666666666666,51.17749999999994,1631.0,0.6684458030000007,63.937282229965156,2.0,3.0,90.20761714285716,92.9196,2.711982857142843,0.22599857142857024,4.267732836501315,8.662042551492227,2.9123344229816563,0.8085723814975042,1.515151498146448,0.4926935255933591,1.4653987392919394,0.35502482412464687,0.18946175869830542,91.2,22.958,0.454026,1.855584,1.223896
38,162.81144,1720.8042,78.113995,14.431629,96.42637,85.280816,2025-08-08 18:14:00+00:00,162.81144,78.113995,1720.8042,148.37981100000002,18,4,80.58333333333333,13.631499999999946,16.0,0.006907580000000666,63.937282229965156,0.0,0.0,139.87886999999998,119.8962,-19.982669999999985,0.0,9.46135765506537,4.539388906338449,5.603564306965566,4.955869816591643,0.8386560767118907,2.084280005339888,1.6884534625906433,0.0886401404677697,0.523801125253845,89.1,3.80255,7.71788,2.59489,1.35
39,43.8871,288.45,3.47137,1.45161,19.585,0.0,2025-08-08 22:36:00+00:00,43.8871,3.47137,288.45,42.435489999999994,22,4,71.0,55.027249999999945,5487.0,2.1834743200000006,63.937282229965156,3.0,2.0,79.76421,185.8392,106.07499,99.30309000000001,15.214803206050258,1.2034564007507145,6.789738232658214,0.0,0.5032449280525397,12.642584154790715,2.2408525789710194,0.033076005635459954,0.0,1720.8042,162.81144,78.113995,96.42637,14.431629
40,32.0,228.0,8.0,0.0,9.0,0.0,2025-08-08 23:16:00+00:00,32.0,8.0,228.0,32.0,23,4,83.04195,60.68966666666661,4904.0,1.8552427000000007,63.937282229965156,4.0,0.0,96.74958,185.8392,89.08962000000001,72.52059000000001,14.035087657740844,3.508771914435211,3.9473684037396124,0.0,0.0,3.999999500000063,3.5555551604938715,0.0,0.0,288.45,43.8871,3.47137,19.585,1.45161
41,29.3,407.161,24.5,2.5,19.6,5.0,2025-08-09 21:15:00+00:00,29.3,24.5,407.161,26.8,21,5,76.12269722222221,32.16224999999989,840.0,0.3553841000000004,51.98437499999999,1.0,2.0,88.06659428571427,108.90576,20.839165714285727,28.594313571428597,7.196170538936268,6.017275706619063,4.813820565295251,1.228015450330421,0.6140077251652105,1.1959183185339461,1.4948978829133732,0.08532422916982152,0.17064845833964304,228.0,32.0,8.0,9.0,0.0
42,17.4591,225.858,12.8934,5.633,11.6095,1.6046,2025-08-10 13:02:00+00:00,17.4591,12.8934,225.858,11.8261,13,6,,9.592999999999886,50.0,0.021567580000000332,49.02595155709342,0.0,0.0,84.26037000000001,109.90476,25.644389999999987,29.058164999999985,7.730122432102815,5.708631061513733,5.140176548361464,0.7104463835221848,2.494044919843242,1.3541113008119425,1.5038630859328062,0.3226397510387276,0.09190622128825533,407.161,29.3,24.5,19.6,2.5
43,28.643349999999998,494.47909999999996,38.08336,5.60065,14.900680000000001,4.317294,2025-08-10 16:48:00+00:00,28.643349999999998,38.08336,494.47909999999996,23.042699999999996,16,6,62.791666666666664,24.53233095238084,2436.0,0.6717505400000005,49.02595155709342,0.0,0.0,84.09387000000001,142.87626,58.78238999999999,78.26549999999997,5.7926310620759685,7.701712756511423,3.0134094585324047,0.8730993870659057,1.1326363416924268,0.7521224295303138,1.9222846257832107,0.19553054389481175,0.15072587002826593,225.858,17.4591,12.8934,11.6095,5.633
44,18.12,200.3,4.663,1.0,21.323,10.508,2025-08-10 18:18:00+00:00,18.12,4.663,200.3,17.12,18,6,86.85277777777777,64.39574999999988,7323.0,2.7062346400000004,49.02595155709342,11.0,14.0,127.55619,142.87626,15.320070000000001,9.047737499999995,9.046430309303892,2.328007976395367,10.645531649298395,5.246130777602941,0.4992511208225106,3.885909524788864,0.8497865755387809,0.0551876349234197,0.5799116677752941,494.47909999999996,28.643349999999998,38.08336,14.900680000000001,5.60065
45,12.0,100.0,4.0,1.0,4.0,5.0,2025-08-10 20:30:00+00:00,12.0,4.0,100.0,11.0,20,6,65.0,6.783999999999886,65.0,0.024639100000000445,49.02595155709342,0.0,0.0,123.74997428571429,127.88928,4.139305714285712,0.9753407142857154,11.99999988,3.9999999600000007,3.9999999600000007,4.99999995,0.9999999900000002,2.9999992500001875,2.9999992500001875,0.08333332638888948,0.41666663194444736,200.3,18.12,4.663,21.323,1.0
46,45.0,446.5318,19.64959,4.0,21.32905,9.0,2025-08-10 22:53:00+00:00,45.0,19.64959,446.5318,41.0,22,6,,1.2134999999998863,59.0,0.015006110000000444,49.02595155709342,0.0,0.0,70.77204,95.91695999999999,25.144919999999985,27.101519999999994,10.077669697706481,4.400490615896806,4.776602685908141,2.015533939541296,0.8957928620183538,2.290124003089937,2.1097985090850973,0.0888888869135803,0.19999999555555567,100.0,12.0,4.0,4.0,1.0
47,20.579366999999998,359.634,22.717409,4.7606358,16.905624,5.257214,2025-08-11 13:12:00+00:00,20.579366999999998,22.717409,359.634,15.818731199999998,13,0,106.91666666666664,1.8219416341798826,2082.0,1.1516454000000003,54.0,19.0,2.0,83.59425,99.9135,16.319249999999997,16.041712499999996,5.722308497744071,6.3168134650316325,4.700785785824516,1.4618234052903134,1.3237446367035801,0.9058852659700202,1.2173088543014527,0.23133051510619765,0.25546042035887595,446.5318,45.0,19.64959,21.32905,4.0
48,51.8821,363.3952,10.22472,9.77918,17.16219,12.596530000000001,2025-08-11 16:38:00+00:00,51.8821,10.22472,363.3952,42.10292,16,0,67.75,20.828999999999887,459.0,0.17386480000000046,54.0,0.0,0.0,85.25952,117.89784,32.63832000000001,34.303575,14.27704599764376,2.813664014236666,4.7227343544363425,3.4663446202196826,2.691059203063059,5.074182464245236,3.023046416392872,0.18848851167380443,0.2427914397684088,359.634,20.579366999999998,22.717409,16.905624,4.7606358
49,17.0,133.0,6.5,0.2,1.6,10.2,2025-08-11 18:15:00+00:00,17.0,6.5,133.0,16.8,18,0,58.375,12.456999999999887,215.0,0.07601780000000044,54.0,0.0,0.0,104.62368857142856,138.87972,34.25603142857143,23.598606428571436,12.781954791113122,4.887218008366782,1.2030075097518234,7.669172874667872,0.15037593871897792,2.6153842130178133,10.62499335937915,0.01176470519031146,0.5999999647058843,363.3952,51.8821,10.22472,17.16219,9.77918
