meal_id,carbohydrates,energyconsumed,fattotal,fiber,protein,sugar,meal_time,carbs,fat,kcal,net_carbs,hour,dow,sin_hour,cos_hour,hr_mean_30m,active_kcal_60m,steps_60m,walk_run_dist_60m,rest_hr_daily,exercise_min_60m,flights_60m,base,peak,d_peak,auc_0_2h
1,95.3657,1076.8490000000002,46.8651,15.25,75.4904,14.085,2025-07-30 12:00:00+00:00,95.3657,46.8651,1076.8490000000002,80.1157,12,2,1.2246467991473532e-16,-1.0,97.58485200962768,3.8747256809505206,1172.0,0.48747717,53.9639175257732,32.0,0.0,84.64098857142858,87.92388,3.2828914285714177,1.4392242857142807
2,39.6975,408.376,16.8392,4.27695,27.5014,15.3021,2025-07-30 13:37:00+00:00,39.6975,16.8392,408.376,35.42055,13,2,-0.2588190451025208,-0.9659258262890683,,3.931473684210526,1033.0,0.58144222,53.9639175257732,0.0,2.0,79.26471,100.91268,21.64797,19.372102500000015
3,63.922520000000006,919.279,49.477000000000004,12.62195,58.46362,25.40512,2025-07-31 11:52:00+00:00,63.922520000000006,49.477000000000004,919.279,51.30057000000001,11,3,0.258819045102521,-0.9659258262890682,118.58333754325696,3.2466099006357627,3935.0,1.8496861100000002,47.026315789473685,22.0,0.0,81.42945,86.9247,5.495249999999999,2.7476449999999986
4,36.0067,359.89,14.916,6.753,23.7866,16.021,2025-08-01 13:09:00+00:00,36.0067,14.916,359.89,29.253700000000002,13,4,-0.2588190451025208,-0.9659258262890683,71.99945000000001,32.716166666666666,1195.0,0.48544292,52.01557093425605,1.0,0.0,78.26556,85.92552,7.659960000000012,6.688660000000013
5,3.879,104.22,8.9874,2.25,3.807,0.783,2025-08-01 13:27:00+00:00,3.879,8.9874,104.22,1.629,13,4,-0.2588190451025208,-0.9659258262890683,77.49945000000001,31.03016666666667,2520.0,0.62969092,52.01557093425605,2.0,0.0,78.43205999999999,85.92552,7.493460000000013,5.994860000000013
6,25.4049,373.376,16.2339,3.61688,34.355,8.37485,2025-08-01 17:32:00+00:00,25.4049,16.2339,373.376,21.788020000000003,17,4,-0.9659258262890683,-0.25881904510252063,54.521633333333334,13.298250000000003,320.0,0.1216763000000001,52.01557093425605,0.0,0.0,81.92904,102.91086,20.98182,13.98791
7,21.0,157.5,6.0,0.75,6.0,19.5,2025-08-01 18:40:00+00:00,21.0,6.0,157.5,20.25,18,4,-1.0,-1.8369701987210297e-16,67.9968253968254,12.423398576423576,7086.0,2.824129583,52.01557093425605,7.0,0.0,82.35727714285714,102.91086,20.553582857142857,20.422714285714285
8,66.0955,645.937,35.4581,14.3041,24.478,19.7174,2025-08-01 22:14:00+00:00,66.0955,35.4581,645.937,51.7914,22,4,-0.5000000000000004,0.8660254037844384,100.45454545454547,14.905800757575758,5597.0,2.173295323,52.01557093425605,10.0,1.0,77.59947,136.88154,59.282070000000004,48.9298525
9,8.67,77.395,4.435,0.99,0.69,6.79,2025-08-01 22:40:00+00:00,8.67,4.435,77.395,7.68,22,4,-0.5000000000000004,0.8660254037844384,78.0,29.243816666666667,1745.0,1.0551729000000003,52.01557093425605,0.0,1.0,83.49914571428572,136.88154,53.382394285714284,59.09163642857143
10,23.455,384.5,25.475,2.85,14.005,19.405,2025-08-02 13:50:00+00:00,23.455,25.475,384.5,20.604999999999997,13,5,-0.2588190451025208,-0.9659258262890683,,8.269355769230769,428.0,0.11902996000000023,54.98954703832753,4.0,2.0,80.0735142857143,84.92652,4.8530057142857,3.1639349999999893
11,65.1836,563.837,25.8166,3.79828,22.758,3.50482,2025-08-02 15:45:00+00:00,65.1836,25.8166,563.837,61.38532,15,5,-0.7071067811865471,-0.7071067811865479,66.25,11.6986875,94.0,0.035674780000000225,54.98954703832753,0.0,0.0,83.35637999999999,113.90129999999999,30.544920000000005,35.77858500000002
12,75.8251,511.492,16.3654,10.7737,18.121,26.1895,2025-08-02 21:00:00+00:00,75.8251,16.3654,511.492,65.0514,21,5,-0.7071067811865477,0.7071067811865474,,20.136750000000003,396.0,0.15413100000000024,54.98954703832753,1.0,2.0,81.78631714285714,124.89192,43.105602857142856,39.63235499999999
13,31.4236,370.24,18.4212,3.65586,22.0883,13.4168,2025-08-03 13:35:00+00:00,31.4236,18.4212,370.24,27.76774,13,6,-0.2588190451025208,-0.9659258262890683,80.88888888888889,13.134525812948226,5994.0,2.33178519502,53.015625,15.0,0.0,76.64790857142857,97.91514,21.26723142857142,18.650489999999994
14,28.579,406.833,25.868,8.67753,18.9182,4.27202,2025-08-03 16:00:00+00:00,28.579,25.868,406.833,19.90147,16,6,-0.8660254037844384,-0.5000000000000004,63.416666666666664,18.163999999999998,450.0,0.17206690000000022,53.015625,0.0,0.0,87.2102057142857,102.91086,15.700654285714293,13.89272142857144
15,16.1301,567.0,49.2397,8.5,25.8014,4.71918,2025-08-03 19:04:00+00:00,16.1301,49.2397,567.0,7.630099999999999,19,6,-0.9659258262890684,0.2588190451025203,63.916666666666664,14.029083333333332,431.0,0.16411206300000025,53.015625,0.0,0.0,114.90051,117.89784,2.997330000000005,0.33304000000000045
16,52.9836,332.349,10.1621,8.28603,13.6934,8.87043,2025-08-03 21:45:00+00:00,52.9836,10.1621,332.349,44.69757,21,6,-0.7071067811865477,0.7071067811865474,68.70967741935483,3.4444749999999997,456.0,0.2986839100000002,53.015625,0.0,0.0,81.92903142857143,148.87115999999997,66.94212857142854,84.42691285714285
17,22.766759999999998,358.0769,18.0032,3.427998,27.3074,19.21145,2025-08-04 13:15:00+00:00,22.766759999999998,18.0032,358.0769,19.338762,13,0,-0.2588190451025208,-0.9659258262890683,,6.253061538461538,177.0,0.15436680000000022,56.010416666666664,0.0,0.0,78.93161999999998,93.9186,14.986980000000017,13.90467000000004
18,25.4102,379.01,22.527,2.7524,19.4435,19.378,2025-08-04 16:00:00+00:00,25.4102,22.527,379.01,22.657799999999998,16,0,-0.8660254037844384,-0.5000000000000004,66.5,10.603499999999999,284.0,0.11489360000000023,56.010416666666664,0.0,0.0,82.07177142857144,110.90394,28.832168571428568,31.175412857142835
19,6.8,28.0,0.0,0.0,0.0,6.8,2025-08-04 17:10:00+00:00,6.8,0.0,28.0,6.8,17,0,-0.9659258262890683,-0.25881904510252063,85.01750202958375,27.376838888888887,7124.0,2.9207379800000006,56.010416666666664,20.0,12.0,96.20238857142859,110.90394,14.70155142857142,7.112918571428562
20,11.6,96.0,4.4,1.2,3.2,1.2,2025-08-04 19:07:00+00:00,11.6,4.4,96.0,10.4,19,0,-0.9659258262890684,0.2588190451025203,70.875,13.038499999999999,292.0,0.11835370000000034,56.010416666666664,0.0,0.0,76.93341,131.88582,54.95241,64.36086
21,51.3641,567.9,22.2679,8.01997,38.8418,0.6992,2025-08-04 23:04:00+00:00,51.3641,22.2679,567.9,43.34413,23,0,-0.25881904510252157,0.9659258262890681,,0.41858333333333336,49.0,0.028427700000000333,56.010416666666664,0.0,0.0,78.26558999999999,120.89537999999999,42.62979,52.78759500000002
22,74.8169,832.241,45.5733,14.61121,37.2221,40.116,2025-08-05 12:50:00+00:00,74.8169,45.5733,832.241,60.205690000000004,12,1,1.2246467991473532e-16,-1.0,104.96551724137935,4.617168755882604,795.0,0.2969654800000003,57.937716262975776,25.0,2.0,78.50342571428573,98.91432,20.410894285714278,17.29455642857141
23,10.0673,314.984,17.5216,3.22405,29.6592,7.53485,2025-08-05 16:45:00+00:00,10.0673,17.5216,314.984,6.843249999999999,16,1,-0.8660254037844384,-0.5000000000000004,63.25,14.7185,250.0,0.09584990000000033,57.937716262975776,0.0,0.0,80.35899428571429,117.89784,37.53884571428571,33.39961928571429
24,10.58,62.5,1.56,0.26,1.17,7.59,2025-08-05 17:01:00+00:00,10.58,1.56,62.5,10.32,17,1,-0.9659258262890683,-0.25881904510252063,69.125,15.783000000000001,423.0,0.15541280000000035,57.937716262975776,0.0,0.0,80.43036000000001,117.89784,37.467479999999995,34.636634999999984
25,7.1995,168.696,14.6125,2.556,4.91299,1.36403,2025-08-05 19:55:00+00:00,7.1995,14.6125,168.696,4.6434999999999995,19,1,-0.9659258262890684,0.2588190451025203,63.416666666666664,13.661000000000001,426.0,0.15949820000000034,57.937716262975776,1.0,0.0,82.35725142857143,83.92734,1.5700885714285704,1.1894528571428573
26,80.1796,669.067,28.7882,12.17447,32.84202,11.9359,2025-08-05 22:27:00+00:00,80.1796,28.7882,669.067,68.00513,22,1,-0.5000000000000004,0.8660254037844384,83.53201666666666,15.771318930008679,4007.0,1.4872106950000004,57.937716262975776,12.0,0.0,83.42775,158.86242,75.43466999999998,92.00366999999999
27,32.6336,324.141,12.0651,4.53564,24.5874,23.9871,2025-08-06 13:22:00+00:00,32.6336,12.0651,324.141,28.09796,13,2,-0.2588190451025208,-0.9659258262890683,88.33333333333333,24.902166666666666,568.0,0.24447151000000045,46.01567944250871,4.0,2.0,81.76251,90.92124,9.158729999999991,10.477037499999986
28,3.1032,83.376,7.18992,1.8,3.0456,0.6264,2025-08-06 15:40:00+00:00,3.1032,7.18992,83.376,1.3032000000000001,15,2,-0.7071067811865471,-0.7071067811865479,61.40282777777778,11.204,297.0,0.10953650000000045,46.01567944250871,0.0,0.0,83.07089999999998,104.90922,21.838320000000024,8.647290000000014
29,10.7151,384.279,24.5164,2.572,28.3207,6.47726,2025-08-06 16:15:00+00:00,10.7151,24.5164,384.279,8.1431,16,2,-0.8660254037844384,-0.5000000000000004,59.5,9.854249999999999,291.0,0.11386490000000045,46.01567944250871,0.0,0.0,78.93162,106.90740000000001,27.975780000000015,20.399055000000008
30,6.436859999999999,113.17569999999999,8.61605,1.4174419999999999,4.329841,2.833507,2025-08-06 17:25:00+00:00,6.436859999999999,8.61605,113.17569999999999,5.019418,17,2,-0.9659258262890683,-0.25881904510252063,70.41666666666667,19.832666666666665,377.0,0.15266570000000046,46.01567944250871,0.0,0.0,88.20933428571428,106.90740000000001,18.698065714285732,9.277684285714292
31,2.41952,85.05,7.38596,1.275,3.87021,0.707877,2025-08-06 20:30:00+00:00,2.41952,7.38596,85.05,1.14452,20,2,-0.8660254037844386,0.5000000000000001,54.916666666666664,14.4815,37.0,0.014727200000000443,46.01567944250871,0.0,0.0,81.64357714285714,104.90922,23.265642857142865,11.347313571428575
32,52.2495,580.069,31.035800000000002,8.46121,25.68602,4.68909,2025-08-06 21:30:00+00:00,52.2495,31.035800000000002,580.069,43.788289999999996,21,2,-0.7071067811865477,0.7071067811865474,87.33058608058609,40.851092307692305,5385.0,2.1568842600000004,46.01567944250871,6.0,0.0,82.07177142857142,133.884,51.81222857142856,53.94143571428572
33,7.536,30.36,0.184,0.924,0.464,6.548,2025-08-06 22:07:00+00:00,7.536,0.184,30.36,6.611999999999999,22,2,-0.5000000000000004,0.8660254037844384,76.5,23.98619230769231,1370.0,0.7369289500000005,46.01567944250871,2.0,0.0,86.59166999999998,138.87972,52.28805000000001,69.27340500000004
34,29.27294,302.906,14.329734199999999,3.2542400000000002,17.727693000000002,22.406689999999998,2025-08-07 14:00:00+00:00,29.27294,14.329734199999999,302.906,26.0187,14,3,-0.4999999999999998,-0.8660254037844388,,,20.0,0.0073818900000005554,49.07785467128028,0.0,0.0,74.79236571428571,109.90476,35.11239428571429,39.334973571428584
35,153.9225,1954.1599999999999,93.4102,17.912010000000002,118.6471,20.21708,2025-08-07 19:15:00+00:00,153.9225,93.4102,1954.1599999999999,136.01049,19,3,-0.9659258262890684,0.2588190451025203,67.0,3.182657142857086,1096.0,0.4489414700000006,49.07785467128028,0.0,0.0,79.35983999999999,128.88846,49.52862000000002,72.54436500000001
36,22.958,91.2,0.454026,1.223896,1.855584,18.85194,2025-08-08 03:50:00+00:00,22.958,0.454026,91.2,21.734104,3,4,0.7071067811865475,0.7071067811865476,65.0,6.498333333333276,533.0,0.20549269000000067,49.07785467128028,0.0,0.0,102.91091142857142,183.84120000000001,80.93028857142859,74.10254785714287
37,3.80255,89.1,7.71788,1.35,2.59489,0.720438,2025-08-08 14:40:00+00:00,3.80255,7.71788,89.1,2.45255,14,4,-0.4999999999999998,-0.8660254037844388,77.34666666666666,51.17749999999994,1631.0,0.6684458030000007,63.937282229965156,2.0,3.0,90.20761714285716,92.9196,2.711982857142843,0.22599857142857024
38,162.81144,1720.8042,78.113995,14.431629,96.42637,85.280816,2025-08-08 18:14:00+00:00,162.81144,78.113995,1720.8042,148.37981100000002,18,4,-1.0,-1.8369701987210297e-16,80.58333333333333,13.631499999999946,16.0,0.006907580000000666,63.937282229965156,0.0,0.0,139.87886999999998,119.8962,-19.982669999999985,0.0
39,43.8871,288.45,3.47137,1.45161,19.585,0.0,2025-08-08 22:36:00+00:00,43.8871,3.47137,288.45,42.435489999999994,22,4,-0.5000000000000004,0.8660254037844384,71.0,55.027249999999945,5487.0,2.1834743200000006,63.937282229965156,3.0,2.0,79.76421,185.8392,106.07499,99.30309000000001
40,32.0,228.0,8.0,0.0,9.0,0.0,2025-08-08 23:16:00+00:00,32.0,8.0,228.0,32.0,23,4,-0.25881904510252157,0.9659258262890681,83.04195,60.68966666666661,4904.0,1.8552427000000007,63.937282229965156,4.0,0.0,96.74958,185.8392,89.08962000000001,72.52059000000001
41,29.3,407.161,24.5,2.5,19.6,5.0,2025-08-09 21:15:00+00:00,29.3,24.5,407.161,26.8,21,5,-0.7071067811865477,0.7071067811865474,76.12269722222221,32.16224999999989,840.0,0.3553841000000004,51.98437499999999,1.0,2.0,88.06659428571427,108.90576,20.839165714285727,28.594313571428597
42,17.4591,225.858,12.8934,5.633,11.6095,1.6046,2025-08-10 13:02:00+00:00,17.4591,12.8934,225.858,11.8261,13,6,-0.2588190451025208,-0.9659258262890683,,9.592999999999886,50.0,0.021567580000000332,49.02595155709342,0.0,0.0,84.26037000000001,109.90476,25.644389999999987,29.058164999999985
43,28.643349999999998,494.47909999999996,38.08336,5.60065,14.900680000000001,4.317294,2025-08-10 16:48:00+00:00,28.643349999999998,38.08336,494.47909999999996,23.042699999999996,16,6,-0.8660254037844384,-0.5000000000000004,62.791666666666664,24.53233095238084,2436.0,0.6717505400000005,49.02595155709342,0.0,0.0,84.09387000000001,142.87626,58.78238999999999,78.26549999999997
44,18.12,200.3,4.663,1.0,21.323,10.508,2025-08-10 18:18:00+00:00,18.12,4.663,200.3,17.12,18,6,-1.0,-1.8369701987210297e-16,86.85277777777777,64.39574999999988,7323.0,2.7062346400000004,49.02595155709342,11.0,14.0,127.55619,142.87626,15.320070000000001,9.047737499999995
45,12.0,100.0,4.0,1.0,4.0,5.0,2025-08-10 20:30:00+00:00,12.0,4.0,100.0,11.0,20,6,-0.8660254037844386,0.5000000000000001,65.0,6.783999999999886,65.0,0.024639100000000445,49.02595155709342,0.0,0.0,123.74997428571429,127.88928,4.139305714285712,0.9753407142857154
46,45.0,446.5318,19.64959,4.0,21.32905,9.0,2025-08-10 22:53:00+00:00,45.0,19.64959,446.5318,41.0,22,6,-0.5000000000000004,0.8660254037844384,,1.2134999999998863,59.0,0.015006110000000444,49.02595155709342,0.0,0.0,70.77204,95.91695999999999,25.144919999999985,27.101519999999994
47,20.579366999999998,359.634,22.717409,4.7606358,16.905624,5.257214,2025-08-11 13:12:00+00:00,20.579366999999998,22.717409,359.634,15.818731199999998,13,0,-0.2588190451025208,-0.9659258262890683,106.91666666666664,1.8219416341798826,2082.0,1.1516454000000003,54.0,19.0,2.0,83.59425,99.9135,16.319249999999997,16.041712499999996
48,51.8821,363.3952,10.22472,9.77918,17.16219,12.596530000000001,2025-08-11 16:38:00+00:00,51.8821,10.22472,363.3952,42.10292,16,0,-0.8660254037844384,-0.5000000000000004,67.75,20.828999999999887,459.0,0.17386480000000046,54.0,0.0,0.0,85.25952,117.89784,32.63832000000001,34.303575
49,17.0,133.0,6.5,0.2,1.6,10.2,2025-08-11 18:15:00+00:00,17.0,6.5,133.0,16.8,18,0,-1.0,-1.8369701987210297e-16,58.375,12.456999999999887,215.0,0.07601780000000044,54.0,0.0,0.0,104.62368857142856,138.87972,34.25603142857143,23.598606428571436
